,,FRFA - FUNGARIUM REVOLUCIÓN FUNGI & ARBIO,,,,,,,,,,,,,,,,,,,,,,,,,,,,,,,,,,,,,
,,,,,,,,,,,,,,,,,,,,,,,,,,,,,,,,,,,,,,,
Código Fungario,Código Andres,Género,Especie,¿Muestra conservada?,ADN extraido?,# Extracto ADN,PCR,Sustrato,Árbol o planta cercana/asociada,Árbol o planta nativa o exótica.,Hábito,Numero de Carpóforos,Olor,Sporeprint,Esporada (color),Himenio,Anillo,Volva,Textura,Notas,Color,Largo Cuerpo (cm),Diámetro Sombrero (cm),Altitud,X,Y,19L X_UTM,Y_UTM,Fecha,Lugar,Distrito,Provincia,Region,Colector,,,,,
FRFA-001,,Amauroderma,-,Si,NO,,,Hojarasca.,Wasahí (Euterpeprecatosia sp.),Nativa.,Solitario.,1,-,-,-,Poros.,NO,NO,Seco.,Pie largo.,"Margen blanco del sombrero, antes es rojizo y antes marrón.",16,4,,-,-,457600,8654561,18/02/2024,Arbio. Trocha a Colpa a 300 mts del inicio de la trocha.,Las Piedras.,Tambopata.,Madre de Dios.,Sebastian Enriquez,,,,,
FRFA-002,,Polyporal,-,No,NO,,,Madera viva.,Palmera Shapaga (Attalea phaleratria).,Nativa.,Solitario.,1,Inoloro.,-,-,Poros.,NO,NO,Húmedo.,"Pelos en el sombrero. Gotas de metabolitos, sudando. Se oxida marrón. Poros grandes y visibles y circulares.",Himenio blanco. Píleo mostaza. Pie mostaza.,,,,-,-,457623,8654631,18/02/2024,Arbio. Trocha a Colpa a 400 mts del inicio de la trocha.,Las Piedras.,Tambopata.,Madre de Dios.,Sebastian Enriquez,,,,,
FRFA-003,,Geastrum,-,No,NO,,,Hojarasca.,-,Nativa.,Solitario.,1,Inoloro.,-,-,Gasteroide.,NO,NO,Seco.,8 puntas. Peridio en la base escamoso marrón más oscuro con contexto blanco.,"Peridio marrón claro, peristoma más oscuro con circunferencia más clara.",-,1.5,,-,-,457704,8654706,18/02/2024,Arbio. Trocha a Colpa a 450 mts del inicio de la trocha.,Las Piedras.,Tambopata.,Madre de Dios.,Sebastian Enriquez,,,,,
FRFA-004,,Oudemansiella,-,No,NO,,,Madera muerta.,Wasahí (Euterpeprecatosia sp.),Nativa.,Gregario.,15,Inoloro.,-,Blanca.,Láminas.,NO,NO,Húmedo.,-,Sombreo con escamas marrones y el primordio con píleo marrón con escamas marrones. Láminas se deshidratan amarillas.,-,1-6,,-,-,457704,8654706,18/02/2024,Arbio. Trocha a Colpa a 500 mts del inicio de la trocha.,Las Piedras.,Tambopata.,Madre de Dios.,Sebastian Enriquez,,,,,
FRFA-005,,Cookeina,speciosa,Si,NO,,,Madera muerta.,Palmera Pona (iriartea deltoidea).,Nativa.,Gregario.,10,Inoloro.,-,-,Apotecio.,NO,NO,Seco.,Sin pelos.,Apotecio rosado y pie blanco.,2-3,4,,-,-,457781,8654700,18/02/2024,Arbio. Trocha a Colpa a 500 mts del inicio de la trocha.,Las Piedras.,Tambopata.,Madre de Dios.,Sebastian Enriquez,,,,,
FRFA-006,,Xylaria,-,No,NO,,,Madera muerta.,Estoraque (Myroxylon balsamum).,Nativa.,Gregario.,10,Inoloro.,-,Blanca.,Estroma con peritecios.,NO,NO,Seco.,-,Estroma negro con esporas blancas.,9,0.5-1,,-,-,457956,8654715,18/02/2024,Arbio. Trocha a Loop Quebrada.,Las Piedras.,Tambopata.,Madre de Dios.,Sebastian Enriquez,,,,,
FRFA-007,,Tetrapyrgos,-,No,NO,,,Madera muerta.,-,Nativa.,Gregario.,30,Fúngico suave.,-,-,Láminas.,NO,NO,Húmedo.,Píleo bien estriado.,"Pie negro y en su base gris. Píleo blanco, se oscurece grisáceo al madurar. ",2-3.5,2,,-,-,457953,8654722,18/02/2024,Arbio. Trocha a Loop Quebrada.,Las Piedras.,Tambopata.,Madre de Dios.,Sebastian Enriquez,,,,,
FRFA-008,,Coprinus,-,No,NO,,,Madera muerta.,-,Nativa.,Gregario/Cespitoso.,40,Fúngico suave.,-,Negro/Marrón oscuro.,Láminas.,SI,NO,Seco.,Se parte al madurar el píleo. se raja por sus márgenes y tuerce hacia el centro del píleo.,Anillo rosado/naranja y hacia el píleo tambien rosado/naranja. Escamas hacia el sombrero. Píleo rosado/naranja. Cutícula se retira. Margen sombrero puntas blancas. Desde el anillo hacia la base es más angosto el pie y blanco. Primordios blancos y se colorean al crecer.,2-3.5,1,,-,-,458004,8654650,18/02/2024,Arbio. Trocha a Loop Quebrada.,Las Piedras.,Tambopata.,Madre de Dios.,Sebastian Enriquez,,,,,
FRFA-009,,Rigidoporus,microporus,No,NO,,,Madera muerta.,-,Nativa.,Gregario.,45,Fúngico suave.,-,-,Poros.,NO,NO,Húmedo.,-,"Píleo sonato naranja y crema, un poco rugoso. Margen blanco cuando esta en crecimiento, se va cuando está maduro. Himenio naranja.",-,3-9,,-,-,457509,8654302,18/02/2024,Arbio. Trocha a Colpa a 100 mts del inicio de la trocha.,Las Piedras.,Tambopata.,Madre de Dios.,Sebastian Enriquez,,,,,
FRFA-010,,Marasmius,-,No,NO,,,Madera muerta.,Palmera Shapaga (Attalea phaleratria).,Nativa.,Gregario/Cespitoso.,30,Fúngico suave.,-,-,Láminas.,NO,NO,Seco.,-,Base del pie rosada/melón y blanco hacia el píleo. Píleo blanco y estriado. Primordios con pie blanco.,0.5-2,1,,-,-,457439,8654306,18/02/2024,Arbio. Trocha a Colpa.,Las Piedras.,Tambopata.,Madre de Dios.,Sebastian Enriquez,,,,,
FRFA-011,,Cookeina,tricholoma,No,NO,,,Madera muerta.,-,Nativa.,Gregario.,8,Inoloro.,-,-,Apotecio.,NO,NO,Seco.,Peludo.,"Apotecio rosado con pelos rojizos, pie blanco.",1-3,2,,-,-,457439,8654306,18/02/2024,Arbio. Trocha a Colpa.,Las Piedras.,Tambopata.,Madre de Dios.,Sebastian Enriquez,,,,,
FRFA-012,,Marasmius,-,No,NO,,,Madera muerta.,Hoja palmera muerta.,Nativa.,Gregario.,20,-,-,-,Láminas.,NO,NO,Seco.,-,Píleo amarillo con pie crema.,1.3-2,0.2,,-,-,457439,8654306,18/02/2024,Arbio. Trocha a Colpa.,Las Piedras.,Tambopata.,Madre de Dios.,Sebastian Enriquez,,,,,
FRFA-013,,Marasmius,-,No,NO,,,Madera muerta.,-,Nativa.,Gregario.,3,Ajo.,-,-,Láminas.,NO,NO,Húmedo.,-,"Píleo amarillo, láminas blancas y pie mostaza oscuro.",8,2.5,,-,-,457439,8654306,18/02/2024,Arbio. Trocha a Colpa.,Las Piedras.,Tambopata.,Madre de Dios.,Sebastian Enriquez,,,,,
FRFA-014,,Xylaria,-,No,NO,,,Madera muerta.,-,Nativa.,Solitario.,1,Inoloro.,-,-,-,NO,NO,Seco.,Ramificación blanca en el estroma.,-,2.5,0.4,,-,-,457439,8654306,18/02/2024,Arbio. Trocha a Colpa.,Las Piedras.,Tambopata.,Madre de Dios.,Sebastian Enriquez,,,,,
FRFA-015,,Tremella,-,Si,NO,,,Madera muerta.,-,Nativa.,Gregario.,4,Fúngico suave.,-,-,-,NO,NO,Pegajoso.,-,Rojo/Naranja.,-,2.0,,-,-,457439,8654306,18/02/2024,Arbio. Trocha a Colpa.,Las Piedras.,Tambopata.,Madre de Dios.,Sebastian Enriquez,,,,,
FRFA-016,,Marasmius,-,No,NO,,,Madera muerta.,Canilla de Vieja (Micropholis sp.).,Nativa.,Gregario.,20,Inoloro.,-,-,Láminas.,NO,NO,Seco.,Cordones micelares gruesos.,Píleo rojo con pie negro.,8,0.8,,-,-,457498,8654568,19/02/2024,Trocha Shihuahuaco.,Las Piedras.,Tambopata.,Madre de Dios.,Sebastian Enriquez,,,,,2
FRFA-017,,Polyporal,-,Si,NO,,,Madera muerta.,-,Nativa.,Gregario.,4,-,-,-,Dientes.,NO,NO,Seco.,-,Píleo marrón al medio y hacia el margen blanco. Himenio blanco en el margen y marrón en el medio.,-,3,,-,-,457498,8654568,19/02/2024,Trocha Shihuahuaco.,Las Piedras.,Tambopata.,Madre de Dios.,Sebastian Enriquez,,,,,
FRFA-018,,Marasmius,-,No,NO,,,Madera muerta.,-,Nativa.,Gregario.,50,-,-,-,Láminas.,NO,NO,Seco.,-,Píleo blanco y en el medio marrón. Láminas blancas subdistantes. Pie base marrón oscuro y hacia el sombrero crema.,5,0.5,,-,-,457498,8654568,19/02/2024,Trocha Shihuahuaco.,Las Piedras.,Tambopata.,Madre de Dios.,Sebastian Enriquez,,,,,
FRFA-019,,Marasmiellus,-,No,NO,,,Madera muerta.,-,Nativa.,Gregario.,30,-,-,-,Láminas.,NO,NO,Seco.,"Pie muy pequeño, sessil (que no tiene pie) y excéntrico (que su pie sale del costado y no del medio del himenio). Margen píleo ondulado. Píleo cóncavo. Láminas intervenosas distantes.",Blanco tanto píleo como láminas. Margen ondulado. Píleo cóncavo.,0.2-0.8,0.5,,-,-,457498,8654568,19/02/2024,Trocha Shihuahuaco.,Las Piedras.,Tambopata.,Madre de Dios.,Sebastian Enriquez,,,,,
FRFA-020,,Tetrapyrgos,-,No,NO,,,Madera muerta.,-,Nativa.,Gregario.,6,-,-,-,Láminas.,NO,NO,Seco.,,Primordio pie blanco y píleo marrón oscuro. En ejemplares maduros pie en la base negro y hacia el sombrero blanco y píleo marrón pero más oscuro al centro.,2,1.5,,-,-,457498,8654568,19/02/2024,Trocha Shihuahuaco.,Las Piedras.,Tambopata.,Madre de Dios.,Sebastian Enriquez,,,,,
FRFA-021,,Coprinellus,-,No,NO,,,Madera muerta.,-,Nativa.,Gregario.,15,-,-,-,Láminas.,NO,NO,Seco.,-,Blanco nieve.,0.9,0.4,,-,-,457498,8654568,19/02/2024,Trocha Shihuahuaco.,Las Piedras.,Tambopata.,Madre de Dios.,Sebastian Enriquez,,,,,
FRFA-022,,cf. Stereopsis,-,No,NO,,,Fruto.,Palmera Shapaga (Attalea phaleratria).,Nativa.,Solitario/Gregario.,5,-,-,-,Poros.,NO,NO,Seco.,cf. Comparar con. Sombrero en forma de copa que se va abriendo.,Himenio marrón crema. Margen píleo blanco. Pie color crema.,4-5,0.5-3,,-,-,457498,8654569,19/02/2024,Trocha Shihuahuaco.,Las Piedras.,Tambopata.,Madre de Dios.,Sebastian Enriquez,,,,,
FRFA-023,,Marasmius,-,No,NO,,,Madera muerta.,Palmera nativa.,Nativa.,Gregario.,30,-,-,-,Láminas.,NO,NO,Seco.,Píleo parabólico.,Píleo crema estriado y umbilicado. Base pie crema y hacia el píleo es blanco.,3-4,0.2,,-,-,457498,8654568,19/02/2024,Trocha Shihuahuaco.,Las Piedras.,Tambopata.,Madre de Dios.,Sebastian Enriquez,,,,,
FRFA-024,,Hemimycena,-,No,NO,,,Madera muerta.,-,Nativa.,Gregario.,12,-,-,-,Láminas.,NO,NO,Húmedo.,Sombrero traslúcido y se lo comen insectos.,Pie blanco. Láminas intervenosas vistas desde arriba parecen burbujas.,1-2,1,,-,-,457498,8654568,19/02/2024,Trocha Shihuahuaco.,Las Piedras.,Tambopata.,Madre de Dios.,Sebastian Enriquez,,,,,
FRFA-025,,Agarical,-,No,NO,,,Madera muerta.,Liana en Canilla de Viejo.,Nativa.,Solitario.,1,-,-,-,Láminas.,NO,NO,Seco.,-,Pie blanco nieve con pelos. Píleo negro/marrón oscuro con pelos. Láminas distantes blancas.,1.2,0.5,,-,-,457498,8654568,19/02/2024,Trocha Shihuahuaco.,Las Piedras.,Tambopata.,Madre de Dios.,Sebastian Enriquez,,,,,
FRFA-026,,cf. Gerronema,-,No,NO,,,Madera muerta.,Palmera.,Nativa.,Gregario.,2,-,-,-,Láminas.,NO,NO,Seco.,Láminas decurrentes. Píleo umbilicado.,"Píleo marrón claro, pie blanco con base marrón oscuro.",1,0.5,,-,-,457498,8654568,19/02/2024,Trocha Shihuahuaco.,Las Piedras.,Tambopata.,Madre de Dios.,Sebastian Enriquez,,,,,
FRFA-027,,Marasmius,-,No,NO,,,Hojas muertas.,-,Nativa.,Gregario.,12,-,-,-,Láminas.,NO,NO,Seco.,-,Pie rojizo y píleo campanulado blanco.,2.5,0.2,,-,-,457498,8654568,19/02/2024,Trocha Shihuahuaco.,Las Piedras.,Tambopata.,Madre de Dios.,Sebastian Enriquez,,,,,
FRFA-028,,Marasmius,-,No,NO,,,Madera muerta.,Madera blanda.,Nativa.,Gregario.,15,-,-,-,Láminas.,NO,NO,Seco.,Píleo rugoso al madurar. Base del pie con micelio blanco tomentoso. Sustrao con rizomorfos o cordones micelares.,"Píleo marrón oscuro, pie crema y café al madurar.",5,2,,-,-,457598,8654568,19/02/2024,Trocha Shihuahuaco.,Las Piedras.,Tambopata.,Madre de Dios.,Sebastian Enriquez,,,,,
FRFA-029,,Trogia,cantharelloides,No,NO,,,Madera muerta.,Ungurahui (Oenocarpus bataua).,Nativa.,Gregario.,2,Pepino suave.,-,-,Láminas.,NO,NO,Seco.,Hongo flor. Láminas decurrentes.,"Píleo morado con márgenes blancos, láminas moradas y pie crema. Píleo blanco al madurar.",9,5-8,,-,-,455498,8654568,19/02/2024,Trocha Shihuahuaco.,Las Piedras.,Tambopata.,Madre de Dios.,Sebastian Enriquez,,,,,
FRFA-030,,Rigidoporus,microporus,No,NO,,,Madera muerta.,-,Nativa.,Solitario.,1,Fúngico suave.,-,-,Poros.,NO,NO,Seco.,-,"Píleo sonato naranja y crema, un poco rugoso. Margen blanco cuando esta en crecimiento, se va cuando está maduro. Himenio naranja.",-,10,,-,-,457498,8654568,19/02/2024,Trocha Shihuahuaco.,Las Piedras.,Tambopata.,Madre de Dios.,Sebastian Enriquez,,,,,
FRFA-031,,Pluteus,longistriatus,No,NO,,,Madera muerta.,-,Nativa.,Gregario.,2,Inoloro.,-,-,Láminas.,NO,NO,Húmedo.,Píleo campanulado.,Píleo marrón claro. Láminas blancas. Pie blanco estriado.,6,2.5,,-,-,457498,8654568,19/02/2024,Trocha Shihuahuaco.,Las Piedras.,Tambopata.,Madre de Dios.,Sebastian Enriquez,,,,,
FRFA-032,,Leucocoprinus,cretaceus,No,NO,,,Madera muerta.,Palmera Shapaga (Attalea phaleratria).,Nativa.,Gregario.,10,Vainilla/Canela.,-,-,Láminas.,NO,NO,Húmedo.,Escamas en sombrero y pie. Tiene velo.,Blanco níveo.,5,1.5,,-,-,459498,8654568,19/02/2024,Trocha Shihuahuaco.,Las Piedras.,Tambopata.,Madre de Dios.,Sebastian Enriquez,,,,,
FRFA-033,,Ascomycota,-,No,NO,,,Madera muerta.,-,Nativa.,Gregario.,30,-,-,-,-,NO,NO,Húmedo/Pegajoso.,Muchas bolitas gelatinosas brillantes.,Amarillo con micelio blanco en la base.,-,0.1,,-,-,457498,8654568,19/02/2024,Trocha Shihuahuaco.,Las Piedras.,Tambopata.,Madre de Dios.,Sebastian Enriquez,,,,,
FRFA-034,,Agaricales,-,Si,NO,,,Madera muerta.,-,Nativa.,Gregario.,35,Fúngico suave/Cacao verde.,-,-,Láminas.,NO,NO,-,Rizomorfos/Cordones micelares envolviendo la seta. ,Pie blanco. Píleo marrón claro y blanco de jóven con láminas blancas. Píleo más marrón oscuro al centro deprimido.,1-3,0.5-2,,-,-,457498,8654568,19/02/2024,Trocha Shihuahuaco.,Las Piedras.,Tambopata.,Madre de Dios.,Sebastian Enriquez,,,,,
FRFA-035,,Leucocoprinus/Pluteus,brunneoluteus,No,NO,,,Hojarasca.,-,Nativa.,Solitario.,1,Fúngico suave.,-,-,Láminas.,SI,NO,Seco.,-,Píleo mostaza con escamas y al centro marrón con láminas blancas libres. Pie amarillo claro.,5,2.5,,-,-,457498,8654568,19/02/2025,Trocha Shihuahuaco.,Las Piedras.,Tambopata.,Madre de Dios.,Sebastian Enriquez,,,,,
FRFA-036,,Marasmius,crinis-equi,Si,NO,,,Madera muerta.,-,Nativa.,Gregario.,50,Inoloro.,-,-,Láminas.,NO,NO,Seco.,Rizomorfos/Cordones micelares negros de 15 cm a más.,Pie rojo oscuro que es blanco hacia el himenio. Píleo blanco con mamelón negro que en los primordios es bien notorio.,0.5-0.8,0.1,,-,-,457498,8654568,19/02/2026,Trocha Shihuahuaco.,Las Piedras.,Tambopata.,Madre de Dios.,Sebastian Enriquez,,,,,
FRFA-037,,-,-,No,NO,,,Hojarasca.,-,Nativa.,Cespitoso.,2,Lechuga/Brócoli,-,-,Poros.,NO,NO,Seco.,Hongo Flor.,Píleo rosado melón y con margen blanco.,7,5,,-,-,457498,8654568,19/02/2027,Trocha Shihuahuaco.,Las Piedras.,Tambopata.,Madre de Dios.,Sebastian Enriquez,,,,,
FRFA-038,,Beauveria,acridophila,No,NO,,,En animal: grillo/saltamonte.,-,Nativa.,Solitario.,1,-,-,-,-,NO,NO,-,Más colonizado en el pecho que en las alas y patas.,-,5,1.5,,-,-,457498,8654568,19/02/2028,Trocha Shihuahuaco.,Las Piedras.,Tambopata.,Madre de Dios.,Sebastian Enriquez,,,,,
FRFA-039,,Marasmius,-,No,NO,,,Madera muerta.,-,Nativa.,Gregario.,5,Fúngico suave.,-,-,Láminas.,NO,NO,Húmedo.,-,Primordios cremas con disco de micelio blanco. Píleo blanco y plicado. Pie blanco.,1,0.8,,-,-,457498,8654568,19/02/2029,Trocha Shihuahuaco.,Las Piedras.,Tambopata.,Madre de Dios.,Sebastian Enriquez,,,,,
FRFA-040,,Xylaria,-,No,NO,,,Madera muerta.,-,Nativa.,Gregario/Cespitoso.,100,Inoloro.,-,-,Stroma con perithecia.,NO,NO,Seco.,Creciendo en madera dura. Estromas negros con engrosamiento en la punta blanca.,Creciendo en madera dura. Primordios negros con engrosamiento en la punta de color blanca.,0.4-0.8,0.1,,-,-,457498,8654568,19/02/2030,Trocha Shihuahuaco.,Las Piedras.,Tambopata.,Madre de Dios.,Sebastian Enriquez,,,,,
FRFA-041,,Auricularia,tremellosa,X,NO,,,Madera muerta.,Madera blanda.,Nativa.,Gregario.,6,Chancho.,-,Blanca.,-,NO,NO,Pegajoso.,Muchos insectos.,Crema.,-,3-10,,-,-,457549,8654779,19/02/2031,Trocha Shihuahuaco.,Las Piedras.,Tambopata.,Madre de Dios.,Sebastian Enriquez,,,,,
FRFA-042,,Psathyrella,-,No,NO,,,Hojarasca.,-,Nativa.,Solitario.,1,-,-,-,Láminas.,NO,NO,Seco.,Escamas blancas en el sombrero.,Píleo café con láminas rosadas claras y pie blanco.,7,2,,-,-,457541,8654760,19/02/2032,Trocha Shihuahuaco.,Las Piedras.,Tambopata.,Madre de Dios.,Sebastian Enriquez,,,,,
FRFA-043,,cf. Flabellophora,obovata,No,NO,,,Madera muerta.,-,Nativa.,Gregario.,7,Pescado.,-,-,Poros.,NO,NO,Húmedo.,Creciendo en madera blanda.,Píleo sonato de color crema/amarillo y estípitado.,-,3-7,,-,-,457541,8654760,19/02/2033,Trocha Shihuahuaco.,Las Piedras.,Tambopata.,Madre de Dios.,Sebastian Enriquez,,,,,
FRFA-044,,Polyporal,,Si,NO,,,Madera muerta.,-,Nativa.,Gregario.,15,Pepino.,-,-,Poros.,NO,NO,Seco.,Creciendo en madera blanda. Aterciopelado/brillo.,Píleo color ocre con himenio café y margen verde/amarillo.,,3-12,,-,-,457541,8654760,19/02/2034,Trocha Shihuahuaco.,Las Piedras.,Tambopata.,Madre de Dios.,Sebastian Enriquez,,,,,
FRFA-045,,Agaricales,-,No,NO,,,Madera muerta.,-,Nativa.,Gregario.,3,Inoloro.,-,-,Láminas.,NO,NO,Húmedo.,-,"Píleo marrón claro con margen traslúcido, láminas decurrentes blancas y distantes y pie blanco.",1.5,1.5,,-,-,457549,8654779,19/02/2035,Trocha Shihuahuaco.,Las Piedras.,Tambopata.,Madre de Dios.,Sebastian Enriquez,,,,,
FRFA-046,,Leucoagaricus,-,No,NO,,,Hojarasca.,-,Nativa.,Solitario.,1,Fúngico suave.,-,-,Láminas.,SI,NO,-,-,Píleo agrietado con mamelón marrón oscuro/lila con cutícula marrón y escamas marrones y debajo blanco. Láminas blancas y frágiles y pie rugoso de color crema oscuro que se oxida a amarillo. Láminas al secarse son amarillas.,12,6.5,,-,-,457549,8654779,19/02/2036,Trocha Shihuahuaco.,Las Piedras.,Tambopata.,Madre de Dios.,Sebastian Enriquez,,,,,
FRFA-047,,Ganoderma ,australe,Si,NO,,,Madera muerta.,-,Nativa.,Gregario.,3,Fúngico suave.,-,-,Poros.,NO,NO,Húmedo.,-,Píleo marrón oscuro con margen blanco.,-,2-8,,-,-,457567,8654776,19/02/2037,Trocha Shihuahuaco.,Las Piedras.,Tambopata.,Madre de Dios.,Sebastian Enriquez,,,,,
FRFA-048,,Moniliophthora,sp.,No,NO,,,Hojarasca.,-,Nativa.,Gregario.,3,Pescado.,-,-,Láminas.,NO,NO,Seco.,-,Píleo rojo y pie naranja.,3-10,1-5.5,,-,-,457424,8654302,19/02/2038,Trocha Shihuahuaco.,Las Piedras.,Tambopata.,Madre de Dios.,Sebastian Enriquez,,,,,
FRFA-049,,Cookeina,tricholoma,No,NO,,,Madera muerta.,Madera dura.,Nativa.,Gregario.,20,Fúngico suave.,-,-,Apothecio.,NO,NO,Húmedo.,Pelos blancos.,Pie crema y apothecio rosado.,0.3-3,1.5-2,,-,-,457424,8654302,19/02/2038,Trocha Shihuahuaco.,Las Piedras.,Tambopata.,Madre de Dios.,Sebastian Enriquez,,,,,
FRFA-050,,Geastrum,sp.,No,NO,,,Madera muerta.,Madera blanda.,Nativa.,Gregario.,9,-,-,-,Masa interna de esporas.,NO,NO,Seco.,Rizomorfo/Cordón micelar blanco y grueso. Exoperidio con pelos y de color marrón agrietado.,Interior del exoperidio de color rosado y exterior marrón claro y endoperidio marrón oscuro con 01 peristoma.,-,1.5,,-,-,457424,8654302,19/02/2038,Trocha Shihuahuaco.,Las Piedras.,Tambopata.,Madre de Dios.,Sebastian Enriquez,,,,,
FRFA-051,,Lycoperdon,sp.,No,NO,,,Madera muerta.,Madera blanda.,Nativa.,Gregario.,26,Detergente.,-,Verde oscuro.,Masa interna de esporas.,NO,NO,Seco.,Rizomorfos/cordones micelares vigorosos.,Pie crema con escamas. Esporoma marrón mostaza.,-,1,,-,-,457424,8654302,19/02/2036,Trocha Shihuahuaco.,Las Piedras.,Tambopata.,Madre de Dios.,Sebastian Enriquez,,,,,
FRFA-052,,Trametes ,lactinea,No,NO,,,Madera muerta.,Shimbio. Madera suave.,Nativa.,Gregario.,7,Fúngico suave.,-,-,Poros.,NO,NO,Seco.,-,Píleo crema y margen crema oscuro. Himenio blanco con poros circulas relativamente grandes.,-,5-15,,-,-,457424,864302,19/02/2036,Trocha Shihuahuaco.,Las Piedras.,Tambopata.,Madre de Dios.,Sebastian Enriquez,,,,,
FRFA-053,,Lentinus,cf. crinitus,No,NO,,,Madera muerta.,-,Nativa.,Gregario.,20,-,-,-,Láminas.,NO,NO,Seco.,Píleo con pelos deprimido infundibuliforme. Flexible.,Píleo marrón oscuro y pie marrón oscuro. Todo el esporoma lleno de pelos.,1-3,0.5-2,,-,-,457424,8654302,19/02/2036,Trocha Shihuahuaco.,Las Piedras.,Tambopata.,Madre de Dios.,Sebastian Enriquez,,,,,
FRFA-054,,cf. Artomyces,-,No,NO,,,Madera muerta.,Madera blanda.,Nativa.,Gregario.,3,Especial.,-,Amarilla/verde.,Coraloide,NO,NO,Seco.,Algunas puntas divididas en dos y debajo de la punta sector con esporas amarillas/verdes.,Pie crema con puntas blancas pero previamente de color amarillo.,8,-,,-,-,457424,8654302,19/02/2036,Trocha Shihuahuaco.,Las Piedras.,Tambopata.,Madre de Dios.,Sebastian Enriquez,,,,,
FRFA-055,,Pleurotus,sp.,No,NO,,,Madera muerta.,-,Nativa.,Gregario.,2,Fúngico suave.,-,Blanca.,Láminas.,NO,NO,Húmedo.,Sésil.,Himenio blanco y píleo gris.,-,1-2,,-,-,-,-,20/02/2036,Trocha Shihuahuaco.,Las Piedras.,Tambopata.,Madre de Dios.,Sebastian Enriquez,,,,,
,,,,,,,,,,,,,,,,,,,,,,,,,,,,,,,,,,,,,,,
,,,,,,,,,,,,,,,,,,,,,,,,,,,,,,,,,,,,,,,
,,,,,,,,,,,,,,,,,,,,,,,,,,,,,,,,,,,,,,,
,,,,,,,,,,,,,,,,,,,,,,,,,,,,,,,,,,,,,,,
FRFA-060,T5-001,Xylaria,sp.,SI,SI,1,1,Madera muerta (tronco).,"""Sacsa"", género Virola.",Nativa.,"Gregario, cespitoso.",4500,Fúngico suave.,NO,N/A,Stroma con perithecia.,No,No,Seco.,No reacciona a KOH.,"Negra, cabeza blanca.",0.2-1.0,0.1,218.68866,-69.397306,-12.160471,456775.064,8655670.123,19.03.25,ARBIO Transecto 5,Las Piedras,Tambopata,Madre de Dios,"Sebastian Enriquez, Andres Farroñay, Will Yaeger",,,,,
FRFA-061,T5-002,Kretzschmaria,clavus,SI,SI,2,2,Madera muerta (tronco).,"""Sacsa"", género Virola.",Nativa.,"Gregario, cespitoso.",700,Fúngico suave.,NO,N/A,Stroma con perithecia.,No,No,Seco.,No reacciona a KOH.,"Negro, primordios con pileo blanco.",0.5-0.6,0.2-0.3,221.125153,-69.397295,-12.160442,456776.256,8655673.332,19.03.25,ARBIO Transecto 5,Las Piedras,Tambopata,Madre de Dios,"Sebastian Enriquez, Andres Farroñay, Will Yaeger",,,,,
FRFA-062,T5-003,Lactocollybia?,sp.,SI,SI,3,3,Madera muerta (tronco),"""Sacsa"", género Virola.",Nativa.,Gregario,Varios,"Fúngico suave, cítrico.",NO,N/A,Laminillas.,No,No,Húmedo.,-,Sombrero blanco/amarillo. Laminas y pie blanco-crema.,1.0-5.0,0.5-3.5,224.494049,-69.397351,-12.16041,456770.1583,8655676.862,19.03.25,ARBIO Transecto 5,Las Piedras,Tambopata,Madre de Dios,"Sebastian Enriquez, Andres Farroñay, Will Yaeger",,,,,
FRFA-063,T5-004,Nigelia,martiale,SI,SI,4,4,Larva de Coleoptero en madera muerta.,-,Nativa.,Solitario,1,A pescado.,NO,N/A,Stroma con perithecia.,No,No,Seco.,"Saliendo de un tronco caído de ""Sacsa"".",Anaranjado,"8.5 (esporoma), 2.5 (insecto).",0.5,225.955261,-69.397332,-12.160428,456772.2283,8655674.874,19.03.25,ARBIO Transecto 5,Las Piedras,Tambopata,Madre de Dios,"Sebastian Enriquez, Andres Farroñay, Will Yaeger",,,,,
FRFA-064,T5-005,Xylaria,sp.,SI,SI,5,5,Madera muerta (palo).,-,Nativa.,Gregario,10,Fungico suave,NO,Blanca.,Stroma con perithecia.,No,No,Húmedo.,Elástica y hueca. No reacciona a KOH.,Negra con cabeza blanca,1.5-7.5,0.5,225.115753,-69.397231,-12.160418,456783.2152,8655675.996,19.03.25,ARBIO Transecto 5,Las Piedras,Tambopata,Madre de Dios,"Sebastian Enriquez, Andres Farroñay, Will Yaeger",,,,,
FRFA-065,T5-006,Marasmiellus,sp.,SI,SI,6,6,Madera muerta (liana).,-,Nativa.,Gregaria,50,"Fúngico suave, a ajo suave.",NO,N/A,Laminillas.,No,No,Seco.,"Sin pedúnculo, impermeable al agua. No reacciona a KOH.","Sombrero crema al madurar, blanco de joven.",N/A,0.4-1.4,226.439102,-69.39732,-12.160404,456773.53,8655677.53,19.03.25,ARBIO Transecto 5,Las Piedras,Tambopata,Madre de Dios,"Sebastian Enriquez, Andres Farroñay, Will Yaeger",,,,,
FRFA-066,T5-007,Filoboletus,gracilis.,SI,SI,7,7,Madera muerta (tronco).,"""Sacsa"", género Virola.",Nativa.,Gregario,14,Fúngico suave.,NO,N/A,Poros.,No,No,Seco.,Tiene mamila puntiaguda más oscura. Se cuartea el sombrero. Pie quebradizo. Al tocar el sombrero bota agua y se resquebraja.,"Píleo crema con centro marrón. Base pie crema/rojizo, pie hacia el píleo blanco.",7.0,2.0-4.0,228.084366,-69.397267,-12.160399,456779.2954,8655678.092,19.03.25,ARBIO Transecto 5,Las Piedras,Tambopata,Madre de Dios,"Sebastian Enriquez, Andres Farroñay, Will Yaeger",,,,,
FRFA-067,T5-008,Rigidoporus?,sp.,SI,SI,8,8,Madera muerta (tronco).,"""Sacsa"", género Virola.",Nativa.,Gregario,15,"Dulce, avainillado.",NO,N/A,Poros.,No,No,Húmedo.,Gotas de metabolitos en el himenio.,Parte superior naranja crema. Píleo blanco.,N/A,1.0-11.0,234.896957,-69.397271,-12.160448,456778.8681,8655672.672,19.03.25,ARBIO Transecto 5,Las Piedras,Tambopata,Madre de Dios,"Sebastian Enriquez, Andres Farroñay, Will Yaeger",,,,,
FRFA-068,T5-009,Psathyrella?,sp.,SI,SI,9,NO,Madera muerta (rama pequeña),-,Nativa.,Solitario,1,Fúngico suave.,NO,Marrón.,Laminillas.,No,No,Húmedo.,"Quebradizo. Muestra desintegrada, no se deshidrató. Pie fibroso, quebradizo.",Sombrero café. Pie blanco.,4.0,2.0,233.5177,-69.39728,-12.160418,456777.8841,8655675.988,19.03.25,ARBIO Transecto 5,Las Piedras,Tambopata,Madre de Dios,"Sebastian Enriquez, Andres Farroñay, Will Yaeger",,,,,
FRFA-069,T5-011,Trogia,cantharelloides.,SI,SI,10,10,Madera muerta (tronco).,"""Sacsa"", género Virola.",Nativa.,Gregario,2,A carne,NO,N/A,Laminillas.,No,No,Seco.,No reacciona a KOH.,Himenio morado con margen blanco. Píleo marrón. Pie morado.,2.0-4.0,0.5-4.0,235.685074,-69.397297,-12.160358,456776.0249,8655682.621,19.03.25,ARBIO Transecto 5,Las Piedras,Tambopata,Madre de Dios,"Sebastian Enriquez, Andres Farroñay, Will Yaeger",,,,,
FRFA-070,T5-012,Auricularia,sp.,SI,SI,11,11,Madera muerta.,-,Nativa.,Gregario,2,Fúngico.,NO,Blanca.,Arrugado,No,No,Húmedo.,"Sessile, relativamente grande y maduro.",Crema.,N/A,6.5-10.0,234.256683,-69.397308,-12.160408,456774.8362,8655677.09,19.03.25,ARBIO Transecto 5,Las Piedras,Tambopata,Madre de Dios,"Sebastian Enriquez, Andres Farroñay, Will Yaeger",,,,,
FRFA-071,T5-013,Xylaria (con parasito),sp.,SI,SI,12,NO,Madera muerta.,-,Nativa.,Gregario,8,A cera.,NO,Blanca.,Stroma con perithecia.,No,No,Seco.,Estroma blanco con parásito amarillo en parte fértil del estroma.,Pie negro. Cabeza blanca con amarillo.,1.0-3.0,0.1,231.312927,-69.397305,-12.160393,456775.1602,8655678.749,19.03.25,ARBIO Transecto 5,Las Piedras,Tambopata,Madre de Dios,"Sebastian Enriquez, Andres Farroñay, Will Yaeger",,,,,
FRFA-072,T5-014,Xylaria,multiplex.,SI,SI,13,13,Madera viva.,"Mashonaste blanco, Batocarpus sp.",Nativa.,Gregario.,Docenas.,Fúngico suave.,SI,Blanca.,Stroma con perithecia.,No,No,Seco.,Cubierto de protuberancias redondas en el estroma menos en la punta.,Negro.,4.0,0.1,231.435455,-69.397324,-12.160385,456773.0917,8655679.631,19.03.25,ARBIO Transecto 5,Las Piedras,Tambopata,Madre de Dios,"Sebastian Enriquez, Andres Farroñay, Will Yaeger",,,,,
FRFA-073,T5-015,Basidiomycota,-,SI,SI,14,14,Madera muerta (tronco).,"Ojé, Ficus insipida.",Nativa.,"Gregario, cespitoso",8,Fúngico suave.,NO,Blanca.,Coraloide,No,No,Seco,En la punta de algunas estromas encontramos una nube de esporas blancas o eso creemos. ¿Podría ser la fase sexual del hongo?,Naranja-crema.,3.0,2.0,229.236053,-69.397348,-12.160453,456770.4916,8655672.107,19.03.25,ARBIO Transecto 5,Las Piedras,Tambopata,Madre de Dios,"Sebastian Enriquez, Andres Farroñay, Will Yaeger",,,,,
FRFA-074,T5-016,Ascomycota,-,SI,SI,15,NO,Madera muerta (tronco).,,Nativa.,"Gregario, dispersos.",107,Fúngico suave.,NO,Blanca.,Apothecio.,No,No,Húmedo.,"Firmes, huecos y gelatinosos adentro, con saco. Suelta esporas blancas al soplarlo.","Marrón oscuro, casí vinaceo.",N/A,0.1-2.0,226.580872,-69.397406,-12.160482,456764.1861,8655668.891,19.03.25,ARBIO Transecto 5,Las Piedras,Tambopata,Madre de Dios,"Sebastian Enriquez, Andres Farroñay, Will Yaeger",,,,,
FRFA-075,T5-017,Marasmius,sp.,SI,SI,16,NO,Madera muerta (ramas pequeñas caídas),-,Nativa.,Gregario.,10,"Nauseabundo, fúngico suave.",SI,Blanca.,Laminillas.,No,No,"Húmedo, pegajoso.",Laminillas anastomosadas y estriadas. Se descompone de manera gelatinosa.,Café en el sombrero y también el estipite.,2.0-8.0,1.2-8.0,228.395798,-69.397341,-12.160487,456771.2587,8655668.349,19.03.25,ARBIO Transecto 5,Las Piedras,Tambopata,Madre de Dios,"Sebastian Enriquez, Andres Farroñay, Will Yaeger",,,,,
FRFA-076,T5-018,Cotylidia,aurantiaca,SI,SI,17,17,Madera muerta (rama mediana caída).,-,Nativa.,Gregario.,8,"Nauseabundo, fúngico suave.",NO,N/A,Poros (microscópicos).,No,No,Húmedo.,Micelio rizomórfico blanco en la madera. Mucho micelio blanco en la madera.,Amarillo.,3.0-4.0,3.0,228.770523,-69.397332,-12.160418,456772.2267,8655675.98,19.03.25,ARBIO Transecto 5,Las Piedras,Tambopata,Madre de Dios,"Sebastian Enriquez, Andres Farroñay, Will Yaeger",,,,,
FRFA-077,T5-019,Psathyrellaceae?,-,SI,SI,18,NO,Madera muerta (liana).,-,Nativa.,"Gregario, dispersos.",45,Fúngico suave.,NO,Marrón.,Laminillas.,No,No,Seco.,"Cambió de color después de 5 horas (se puso más marron, menos rojo). Sombrero escamoso, estriado.",Sombrero cafe rojizo. Pie blanco. Laminillas oscuras.,0.5-1.5,0.3-0.5,228.575043,-69.397383,-12.160401,456766.6753,8655677.852,19.03.25,ARBIO Transecto 5,Las Piedras,Tambopata,Madre de Dios,"Sebastian Enriquez, Andres Farroñay, Will Yaeger",,,,,
FRFA-078,T5-020,Gerronema,sp.,SI,SI,19,NO,Madera muerta (rama pequeña).,-,Nativa.,Solitario.,1,Fúngico suave.,NO,N/A,Laminillas.,No,No,Seco.,Sombrero umbilicato y estriato. Laminillas decurrentes.,"Sombrero amarillo, base marrón, laminillas amarillas como el sombrero.",4.0,2.5,229.60936,-69.397381,-12.160425,456766.8968,8655675.198,19.03.25,ARBIO Transecto 5,Las Piedras,Tambopata,Madre de Dios,"Sebastian Enriquez, Andres Farroñay, Will Yaeger",,,,,
FRFA-079,T5-021,Artomyces?,sp.,SI,SI,20,NO,Madera muerta (rama).,-,Nativa.,Solitario.,1,"Fúngico fuerte, dulce.",NO,N/A,Coraloide,No,No,Seco.,-,Blanco/crema.,2.0,0.1,227.348328,-69.397367,-12.160496,456768.4314,8655667.349,19.03.25,ARBIO Transecto 5,Las Piedras,Tambopata,Madre de Dios,"Sebastian Enriquez, Andres Farroñay, Will Yaeger",,,,,
FRFA-080,T5-022,Phylacia,poculiformis.,SI,SI,21,NO,Madera muerta (sin contacto con el suelo).,-,Nativa.,Gregario.,45,N/A,NO,N/A,Estroma redonda,No,No,Seco.,"Muy duro y quebradizo como el carbón. Cuando inmaduro tiene el ápice blanco y es mas delgado/angosto, luego se vuelve redondo y negro (eso creemos).","Negro, ápice blanco cuando es inmaduro.",0.5,0.5,227.71315,-69.397418,-12.160372,456762.8627,8655681.053,19.03.25,ARBIO Transecto 5,Las Piedras,Tambopata,Madre de Dios,"Sebastian Enriquez, Andres Farroñay, Will Yaeger",,,,,
FRFA-081,T5-023,Marasmius,sp.,SI,SI,22,22,Madera muerta (cáscara).,"Cáscara de Ojé, Ficus insípida.",Nativa.,Gregario.,13,Fúngico suave.,NO,N/A,Laminillas.,No,No,Seco.,Puede ser una version más madura del FRFA-082.,Sombrero gris marrón. Base del pie roja-café y hacia el pileo blanca-crema.,4.0-5.0,2.0-4.0,227.90007,-69.397421,-12.160394,456762.5399,8655678.62,19.03.25,ARBIO Transecto 5,Las Piedras,Tambopata,Madre de Dios,"Sebastian Enriquez, Andres Farroñay, Will Yaeger",,,,,
FRFA-082,T5-024,Marasmius,sp.,SI,SI,23,SE EVAPORÓ,Madera muerta (cáscara).,"Cáscara de Ojé, Ficus insípida.",Nativa.,Gregario.,150,Fúngico suave.,NO,N/A,Laminillas.,No,No,Seco.,"Sombrero joven gris, sombrero maduro crema. Muy similar a 081, puede ser la misma especie pero inmadura. Con gotas de metabolitos en el himenio.",Sombrero gris a crema. Pie en la base naranja y hacia píleo blanco. Laminillas cremas. ,1.5-3.0,0.5-2.5,226.052475,-69.397393,-12.160411,456765.589,8655676.744,19.03.25,ARBIO Transecto 5,Las Piedras,Tambopata,Madre de Dios,"Sebastian Enriquez, Andres Farroñay, Will Yaeger",,,,,
FRFA-083,T5-025,Rigidoporus?,microporus,SI,SI,24,23,Madera muerta (tronco).,"""Sacsa"", género Virola.",Nativa.,Gregario.,18,"Ácido, dulce. Fúngico suave.",NO,N/A,Poros.,No,No,Húmedo.,,Píleo naranja con margen blanco e himenio naranja.,N/A,2.5-12.0,225.29303,-69.397393,-12.160346,456765.5785,8655683.932,19.03.25,ARBIO Transecto 5,Las Piedras,Tambopata,Madre de Dios,"Sebastian Enriquez, Andres Farroñay, Will Yaeger",,,,,
FRFA-084,T5-026,Rigidoporus?,sp.,SI,SI,25,NO,Madera muerta (tronco).,"""Sacsa"", género Virola.",Nativa.,Gregario.,6,Fúngico suave.,NO,N/A,Poros.,No,No,Húmedo.,Encontrado con el FRFA-083 (Rigidoporus microporus).,Píleo zonato y crema con margen blanco e himenio blanco,N/A,1.0-3.0,224.034241,-69.39741,-12.160348,456763.7292,8655683.708,19.03.25,ARBIO Transecto 5,Las Piedras,Tambopata,Madre de Dios,"Sebastian Enriquez, Andres Farroñay, Will Yaeger",,,,,
SIN FICHA,T5-028,Filoboletus,gracilis.,NO,NO,,,Madera muerta (tronco).,-,Nativa.,Gregario,-,Fúngico suave.,NO,N/A,Poros.,No,No,Seco.,-,"Píleo crema con centro marrón. Base pie crema/rojizo, pie hacia el píleo blanco.",N/A,N/A,239.52179,-69.397355,-12.160318,456769.7082,8655687.035,19.03.25,ARBIO Transecto 5,Las Piedras,Tambopata,Madre de Dios,"Sebastian Enriquez, Andres Farroñay, Will Yaeger",,,,,
FRFA-085,T5-029,Oudemansiella,sp.,SI,SI,26,NO,Madera muerta (rama).,-,Nativa.,Gregario.,4,"Lejía, cloro. Desinfectante.",SI,Blanca.,Laminillas.,NO,NO,Húmedo.,"Frágil, estÍpite quebradizo. Un poco de micelio blanco en la base.",Píleo café con láminas blancas y pie blanco.,9.0,2.0-3.5,238.722229,-69.397387,-12.160325,456766.2278,8655686.255,19.03.25,ARBIO Transecto 5,Las Piedras,Tambopata,Madre de Dios,"Sebastian Enriquez, Andres Farroñay, Will Yaeger",,,,,
FRFA-086,T5-031,Favolaschia,sp.,SI,SI,27,NO,En rama caída de bambú o paca.,Guadua sp.,Nativa.,"Gregario, cespitoso",60,Fúngico moderado.,NO,N/A,Poros.,NO,NO,Seco.,-,Píleo naranja/rojo. Pie blanco. Himenio naranja claro.,0.8,0.1-0.5,232.714233,-69.397465,-12.160349,456757.7456,8655683.589,19.03.25,ARBIO Transecto 5,Las Piedras,Tambopata,Madre de Dios,"Sebastian Enriquez, Andres Farroñay, Will Yaeger",,,,,
FRFA-087,T5-030,Gymnopus?,sp.,SI,SI,28,27,En rama caída de bambú o paca.,Guadua sp.,Nativa.,Solitario.,1,Fúngico suave.,NO,N/A,Laminillas.,NO,NO,Seco.,"Micelio blanco radiando de la base en forma estrella, rizomorfo.",Píleo naranja con láminas blancas y pie blanco.,3.2,0.8,232.916748,-69.397383,-12.160361,456766.6689,8655682.275,19.03.25,ARBIO Transecto 5,Las Piedras,Tambopata,Madre de Dios,"Sebastian Enriquez, Andres Farroñay, Will Yaeger",,,,,
FRFA-088,T5-CO-1,Phallus,indusiatus.,SI,SI,29,NO,Suelo (arena).,-,Nativa.,Solitario.,1,"Fuerte, floral y a semen.",NO,Marrón.,Masa líquida de esporas.,NO,SI,Pegajoso,Ejemplar maduro debajo del baño de Arbio.,Pie y velo blanco con himenio marrón.,15.0,4.0,226.153946,-69.3912,-12.17279,457441.3365,8654308.83,19.03.25,ARBIO Campamento,Las Piedras,Tambopata,Madre de Dios,"Sebastian Enriquez, Andres Farroñay, Will Yaeger",,,,,
FRFA-089,T5-CO-2,Agaricales,sp.,SI,SI,30,NO,Madera muerta.,Cetico (posiblemente).,Nativa.,Gregario.,2,Fúngico suave.,NO,N/A,Laminillas.,NO,NO,Seco.,Reacciona a verde oscuro y luego se pone negro utilizandos KOH.,"Sombrero rosado oscuro, laminas rosadas oscuras, pie rosado oscuro",2.0,1.5,211.325211,-69.397011,-12.160594,456807.1788,8655656.569,20.03.25,ARBIO Transecto 5,Las Piedras,Tambopata,Madre de Dios,"Sebastian Enriquez, Andres Farroñay, Will Yaeger",,,,,
FRFA-090,T5-CO-3,Dacryopinax,elegans?,SI,SI,31,NO,Madera muerta (rama pequeña).,,Nativa.,Gregario.,10,Fúngico suave.,NO,N/A,Gelatinoso.,NO,NO,Húmedo.,Gelatinoso. No reacciona a KOH.,"Marrón claro, traslucido",0.5-1.0,3.0-8.0,207.469879,-69.397012,-12.160573,456807.0667,8655658.891,20.03.25,ARBIO Transecto 5,Las Piedras,Tambopata,Madre de Dios,"Sebastian Enriquez, Andres Farroñay, Will Yaeger",,,,,
FRFA-091,T5-CO-4,Favolaschia,sp.,SI,SI,32,NO,Madera muerta (rama de bambú en pie).,Bambú (Guadua sp.?),Nativa.,Gregario.,20,Fúngico suave.,NO,N/A,Poros.,NO,NO,Húmedo.,No reacciona a KOH.,Blanco píleo e himenio.,N/A,0.2-1.8,216.142471,-69.396995,-12.160584,456808.918,8655657.677,20.03.25,ARBIO Transecto 5,Las Piedras,Tambopata,Madre de Dios,"Sebastian Enriquez, Andres Farroñay, Will Yaeger",,,,,
FRFA-092,T5-CO-5,Panaeolus,mexicana.,SI,SI,33,NO,Madera muerta (hojas de bambú),Bambú (Guadua sp.?),Nativa.,Solitario.,1,Un poco a pepino.,NO,N/A,Laminillas.,NO,NO,Húmedo.,Micelio blanco en la base y subiendo el estípite (tomentoso).,Píleo marrón oscuro con laminas moradas y pie marrón rojizo. ,2.2,1.5,216.031418,-69.397007,-12.160573,456807.6106,8655658.892,20.03.25,ARBIO Transecto 5,Las Piedras,Tambopata,Madre de Dios,"Sebastian Enriquez, Andres Farroñay, Will Yaeger",,,,,
FRFA-093,T5-032,Cookeina,speciosa,SI,SI,34,33,Madera muerta.,-,Nativa.,Gregario.,20,Fúngico suave.,NO,N/A,Apothecio.,NO,NO,Seco.,No reacciona a KOH. GPS sacado por promedio.,Copas rosadas con pelos finos de color blanco en el margen y pie blanco.,3.0-4.0,0.2-2.0,218.9107135,-69.397263,-12.160473,456779.7425,8655669.91,20.03.25,ARBIO Transecto 5,Las Piedras,Tambopata,Madre de Dios,"Sebastian Enriquez, Andres Farroñay, Will Yaeger",,,,,
FRFA-094,T5-033,Collybia?,sp.,SI,SI,35,34,Madera muerta.,-,Nativa.,Gregario.,15,Fúngico suave.,SI,Blanca.,Laminillas.,NO,NO,Húmedo.,Píleo estriado y pie firme lleno de insectos. No reacciona a KOH.,"Sombrero amarillo claro con el centro color marrón, laminas blancas/cremas y pie amarillo.",3.0-5.2,1.5-2.2,221.790009,-69.397519,-12.160373,456751.8744,8655680.927,20.03.25,ARBIO Transecto 5,Las Piedras,Tambopata,Madre de Dios,"Sebastian Enriquez, Andres Farroñay, Will Yaeger",,,,,
SIN FICHA,T5-034,Xylaria?,sp.,NO,NO,-,-,-,-,Nativa.,,,,,,,,,,-,-,,,222.934586,-69.397532,-12.160371,456750.4598,8655681.146,20.03.25,ARBIO Transecto 5,Las Piedras,Tambopata,Madre de Dios,"Sebastian Enriquez, Andres Farroñay, Will Yaeger",,,,,
SIN FICHA,T5-035,Marasmius?,sp.,NO,NO,-,-,-,-,Nativa.,,,,,,,,,,-,-,,,227.499924,-69.397534,-12.160331,456750.2357,8655685.569,20.03.25,ARBIO Transecto 5,Las Piedras,Tambopata,Madre de Dios,"Sebastian Enriquez, Andres Farroñay, Will Yaeger",,,,,
FRFA-095,T5-036,Dacryopinax,elegans?,SI,SI,36,35,Madera muerta (rama).,-,Nativa.,Gregario.,10,Ninguno.,SI,"Marrón, color del hongo. Salió muy humedo.",Gelatinoso.,NO,NO,Húmedo.,Gelatinoso con pie grueso y firme. Algunos carpóforos tienen una especie de parásito en el ápice que al parecer inhibe el crecimiento de la seta.,Marrón oscuro.,2.0,2.0,224.489166,-69.397504,-12.160404,456753.5114,8655677.501,20.03.25,ARBIO Transecto 5,Las Piedras,Tambopata,Madre de Dios,"Sebastian Enriquez, Andres Farroñay, Will Yaeger",,,,,
SIN FICHA,T5-037,-,-,NO,NO,-,-,Raíces de palmera.,-,Nativa.,Solitario,2,-,-,-,Gelatinoso.,NO,NO,Húmedo.,-,-,-,-,226.398666,-69.397486,-12.160393,456755.468,8655678.72,20.03.25,ARBIO Transecto 5,Las Piedras,Tambopata,Madre de Dios,"Sebastian Enriquez, Andres Farroñay, Will Yaeger",,,,,
FRFA-096,T5-038,Lentinellus?,sp.,SI,SI,37,NO,Madera muerta (ramas medianas).,-,Nativa.,Gregario.,3,Fúngico suave.,NO,N/A,Laminillas.,NO,NO,Húmedo.,"Sessile, frágil y se deshace al tocar. No reacciona con KOH.",Blanco,2.0,0.4-3.0,227.156647,-69.397521,-12.160327,456751.6494,8655686.013,20.03.25,ARBIO Transecto 5,Las Piedras,Tambopata,Madre de Dios,"Sebastian Enriquez, Andres Farroñay, Will Yaeger",,,,,
FRFA-097,T5-039,Ascomycota,sp.,SI,SI,38,NO,Madera muerta (rama pequeña).,-,Nativa.,Solitario.,1,Fúngico suave.,SI,Blanca.,Apothecio,NO,NO,Seco.,Oscurece con KOH. Parte inferior estriada al medio.,Himenio morado claro con la parte inferior blanca.,-,2.5,226.376373,-69.397518,-12.160379,456751.9842,8655680.263,20.03.25,ARBIO Transecto 5,Las Piedras,Tambopata,Madre de Dios,"Sebastian Enriquez, Andres Farroñay, Will Yaeger",,,,,
FRFA-098,T5-040,Agaricus,sp.,SI,SI,39,NO,Hojarasca.,Zapotillo.,Nativa.,"Solitario, disperso.",2,Anisado.,SI,Marrón,Laminillas.,SI,NO,Seco.,"Velo algodonoso cubriendo las láminas densas que oxidan rosadas, píleo mamelonado de color morado y de color blanco hacia el margen y pie blanco y de color morado hacia la base. Reacciona amarillo con KOH.","Sombrero morado, laminas blancas y estípite blanco pero marrón hacia la base.",8.5,4.5,227.243317,-69.397527,-12.160341,456750.9989,8655684.464,20.03.25,ARBIO Transecto 5,Las Piedras,Tambopata,Madre de Dios,"Sebastian Enriquez, Andres Farroñay, Will Yaeger",,,,,
FRFA-099,T5-041,Pluteus,sp.,SI,SI,40,NO,Hojarasca.,-,Nativa.,Solitario.,1,Fúngico suave.,NO,N/A,Laminillas.,NO,NO,Seco.,No reacciona a KOH. Pie estriado.,"Píleo café, láminas cremas/rosadas y pie blanco/amarillo.",10.0,6.0,226.928421,-69.397558,-12.160388,456747.6338,8655679.262,20.03.25,ARBIO Transecto 5,Las Piedras,Tambopata,Madre de Dios,"Sebastian Enriquez, Andres Farroñay, Will Yaeger",,,,,
FRFA-100,T5-042,Ophiocordyceps,australis,SI,SI,41,NO,Hormiga bala (isula).,-,Nativa.,Solitario.,1,Ninguno.,NO,N/A,Stroma con perithecia.,NO,NO,Seco.,Estroma con punta roja y redonda y de color negra hacia el pie.,Rojo y negro.,-,-,224.923492,-69.397544,-12.160406,456749.1599,8655677.273,20.03.25,ARBIO Transecto 5,Las Piedras,Tambopata,Madre de Dios,"Sebastian Enriquez, Andres Farroñay, Will Yaeger",,,,,
FRFA-101,T5-043,Xylaria,sp.,SI,SI,42,NO,Madera muerta (cáscara del fruto de liana).,Liana.,Nativa.,"Gregario, cespitoso.",5,Ninguno.,SI,Blanca.,Stroma con perithecia.,NO,NO,Seco.,Estroma texturado con puntos negros. Oscurece con KOH.,Naranja.,0.5-3.0,0.4,224.745926,-69.39755,-12.160418,456748.509,8655675.945,20.03.25,ARBIO Transecto 5,Las Piedras,Tambopata,Madre de Dios,"Sebastian Enriquez, Andres Farroñay, Will Yaeger",,,,,
FRFA-102,T5-044,Polyporaceae?,sp.,SI,SI,43,NO,Semilla de fariña seca.,Fariña seca. Celtis schippii.,Nativa.,"Gregario, cespitoso.",3,Fúngico suave.,NO,N/A,Poros.,NO,NO,Seco.,"Poros alargados pequeños en la parte de arriba. Píleo zonato y escamoso/fibriloso, más oscuro que en el estipite con margen ondulado/lobato. No reacciona a KOH.",Blanco y crema.,1.0-3.0,2.0,224.750946,-69.397584,-12.160373,456744.8027,8655680.916,20.03.25,ARBIO Transecto 5,Las Piedras,Tambopata,Madre de Dios,"Sebastian Enriquez, Andres Farroñay, Will Yaeger",,,,,
FRFA-103,T5-045,Mycena ,sp.,SI,SI,44,43,Madera muerta (rama mediana).,-,Nativa.,Gregario.,2,Fúngico suave.,NO,N/A,Laminillas.,NO,NO,Seco.,No reacciona a KOH.,"Píleo rojo/naranja, láminas blancas, pie escamoso amarillo brillante.",1.5-3.0,0.5-1.0,228.478729,-69.39775,-12.160264,456726.7248,8655692.943,20.03.25,ARBIO Transecto 5,Las Piedras,Tambopata,Madre de Dios,"Sebastian Enriquez, Andres Farroñay, Will Yaeger",,,,,
FRFA-104,T5-046,Moniliophthora,sp.,SI,SI,45,NO,Cáscara de semilla de lupuna.,"Lupuna, ceiba trichistandra?",Nativa.,"Gregario, cespitoso y dispersos.",82,"Dulce, cítrico.",SI,Blanca.,Laminillas.,NO,NO,Húmedo.,"Pie con escamas naranjas/oscuras. Pie más oscuro en la base y naranja claro hacia el píleo. Láminas anastomosadas de color naranja y distantes hacia la base, sombrero unbonado, umbilicado y ribuloso, sombrero split naranja. No reacciona a KOH.",Pie naranja claro y más oscuro hacia la base con láminas naranjas y píleo naranja.,1.0-6.0,1.0-4.0,227.212204,-69.397955,-12.160308,456704.4286,8655688.045,20.03.25,ARBIO Transecto 5,Las Piedras,Tambopata,Madre de Dios,"Sebastian Enriquez, Andres Farroñay, Will Yaeger",,,,,
FRFA-105,T5-047,Marasmius,haematocephalus?,SI,SI,46,45,Hojarasca.,Hojas y ramitas de setico (Cecropia sp.).,Nativa.,Gregario.,15,Fúngico suave.,NO,N/A,Laminillas.,NO,NO,Seco.,"Píleo estriado con estrias rojas oscuras, laminas distantes, umbilicado, umbonado y campanulado. Impermeable a KOH.","Píleo rojo con laminas blancas, pie rojo (naranja cuando joven).",5.0-11.0,0.5-3.0,227.118637,-69.39785,-12.160293,456715.8498,8655689.72,20.03.25,ARBIO Transecto 5,Las Piedras,Tambopata,Madre de Dios,"Sebastian Enriquez, Andres Farroñay, Will Yaeger",,,,,
FRFA-106,T5-049,Trametes,sp.,SI,SI,47,46,Madera muerta (rama pequeña).,-,Nativa.,Gregario.,4,"Vainilla, dulce.",Si,Blanco.,Poros.,NO,NO,Seco.,"Elástico, parte superior zonata. Poros pequeños.","Píleo crema a marron (zonato), poros pequeños y blancos.",0.5-6.0,0.8,225.013641,-69.39786,-12.1603,456714.7629,8655688.168,20.03.25,ARBIO Transecto 5,Las Piedras,Tambopata,Madre de Dios,"Sebastian Enriquez, Andres Farroñay, Will Yaeger",,,,,
FRFA-107,T5-048,Cookeina,tricholoma.,SI,SI,48,NO,Madera muerta.,Creciendo en ropoca de Pona/Iryanthera elliptica (palmera).,Nativa.,Gregario.,30,Ninguno.,NO,Blanca.,Apotecio,NO,NO,Seco.,"Ninguna reaccion a KOH. Con pelos largos, gruesos y de color marrón oscuros en todo el cuerpo. Elástico. Mas blanco con madurez.",Crema.,0.7-5.0,0.3-4.0,226.892609,-69.397875,-12.160307,456713.1321,8655688.945,20.03.25,ARBIO Transecto 5,Las Piedras,Tambopata,Madre de Dios,"Sebastian Enriquez, Andres Farroñay, Will Yaeger",,,,,
FRFA-108,T5-050,Leucoagaricus,sp.,SI,SI,49,48,Hojarasca.,Ubos/Spondias mombin.,Nativa.,Gregario.,2,"Fúngico, floral y dulce.",SI,Blanco,Laminillas.,Si,NO,Seco.,"Umbonato, frágil.","Sombrero blanco, en el centro crema.",4.5,2.0,223.81012,-69.397891,-12.160378,456711.4029,8655680.314,20.03.25,ARBIO Transecto 5,Las Piedras,Tambopata,Madre de Dios,"Sebastian Enriquez, Andres Farroñay, Will Yaeger",,,,,
FRFA-109,T5-051,Fungi,,SI,SI,50,NO,Hojarasca.,Lupuna.,Nativa.,Solitario.,1,Ninguno.,NO,N/A,Gelatinoso,NO,NO,"Gelatinoso, traslúcido.",,Marrón.,9.0,-,227.22789,-69.397918,-12.160322,456708.4563,8655686.503,20.03.25,ARBIO Transecto 5,Las Piedras,Tambopata,Madre de Dios,"Sebastian Enriquez, Andres Farroñay, Will Yaeger",,,,,
SIN FICHA,T5-052,Marasmius,-,NO,NO,-,-,Madera muerta.,-,Nativa.,Solitario.,1,-,NO,N/A,Laminillas.,NO,NO,Húmeda.,,,4.0,2.5,228.255859,-69.397893,-12.160298,456711.1723,8655689.161,20.03.25,ARBIO Transecto 5,Las Piedras,Tambopata,Madre de Dios,"Sebastian Enriquez, Andres Farroñay, Will Yaeger",,,,,
FRFA-110,T5-053,Phylloporia?,sp.,SI,SI,51,NO,Suelo.,Lupuna.,Nativa.,"Solitario, cespitoso.",1,Fúngico suave.,NO,Marrón,Poros.,NO,NO,Seco.,Píleo de color marrón oscuro zonato y brillante. Margen blanco y ondulado con poros marrónes y con guttación oscura.,Marrón oscuro.,6-0 (4.0 rizomorfo).,5.0,227.653381,-69.397931,-12.160293,456707.0372,8655689.708,20.03.25,ARBIO Transecto 5,Las Piedras,Tambopata,Madre de Dios,"Sebastian Enriquez, Andres Farroñay, Will Yaeger",,,,,
FRFA-111,T5-054,Trametes,sp.,SI,SI,52,51,Madera muerta.,"Quinilla colorada, Manilkara bidentata.",Nativa.,Gregario.,100,"Dulce, vainilla.",NO,N/A,Poros.,NO,NO,Seco.,"Muy elástico. Se oscureció con KOH. Sessile, sin pie.",Píleo amarillo claro con himenio blanco.,N/A,0.2-3.8,226.762161,-69.398375,-12.16049,456658.7634,8655667.852,20.03.25,ARBIO Transecto 5,Las Piedras,Tambopata,Madre de Dios,"Sebastian Enriquez, Andres Farroñay, Will Yaeger",,,,,
FRFA-112,T5-055,Trechispora?,sp.,SI,SI,53,52,Barro al pie de un árbol.,-,Nativa.,Gregario.,2,Floral.,SI,Blanca.,Poros.,NO,NO,Seco.,-,Píleo crema con margen blanco y pie gris.,6.0,2.0,226.827728,-69.397976,-12.160401,456702.1589,8655677.758,20.03.25,ARBIO Transecto 5,Las Piedras,Tambopata,Madre de Dios,"Sebastian Enriquez, Andres Farroñay, Will Yaeger",,,,,
FRFA-113,T5-056,Hydropus,nigrita,SI,SI,54,NO,Madera muerta (rama gruesa).,-,Nativa.,"Gregario, cespitoso.",30,Fúngico suave.,SI,Blanca.,Laminillas.,NO,NO,Húmeda.,"Ninguna reaccion a KOH. Oxidación negra dramática en todas las superficies (pileipellis, himenio, estipite). GPS sacado por promedio.","Laminas apretadas negras, sombrero crema y cafe oscuro en el medio con estípite crema escamoso.",2.0-7.0,1.0-3.0,226.7949445,-69.3981755,-12.1604455,456680.4612,8655672.805,20.03.25,ARBIO Transecto 5,Las Piedras,Tambopata,Madre de Dios,"Sebastian Enriquez, Andres Farroñay, Will Yaeger",,,,,
FRFA-114,T4-CO-1,Ascomycota,sp.,SI,SI,55,NO,Madera muerta.,"Tronco de Shihuahuaco, dipteryx sp.",Nativa.,Gregario.,2,Ninguno,NO,N/A,Apotecio.,NO,NO,Seco.,Himenio liso y parte inferior arrugada.,Himenio amarillo y parte inferior amarillo claro.,0.4,0.4-0.6,188.10144,-69.388238,-12.159111,457761.4171,8655821.939,21.03.25,ARBIO Transecto 4,Las Piedras,Tambopata,Madre de Dios,"Sebastian Enriquez, Andres Farroñay, Will Yaeger",,,,,
FRFA-115,T4-CO-2,Auricularia,sp.,SI,SI,56,NO,Madera muerta (rama).,-,Nativa.,Gregario.,3,Ninguno,NO,N/A,Apotecio.,NO,NO,Seco.,"Parte inferior con finos pelos blancos. Seco, elástico. Impermeable al KOH.",Himenio marrón oscuro y abajo marrón oscuro.,0.2-0.8,1.6-4.2,190.014481,-69.38817,-12.159075,457768.8096,8655825.931,21.03.25,ARBIO Transecto 4,Las Piedras,Tambopata,Madre de Dios,"Sebastian Enriquez, Andres Farroñay, Will Yaeger",,,,,
FRFA-116,T4-CO-3,Agaricales,sp.,SI,SI,57,56,"Hoja de pona, Iryanthera sp.","Pona, Iryanthera sp.",Nativa.,"Gregario, cespitoso.",20,Fúngico suave.,NO,N/A,Laminillas.,NO,NO,Seco.,"Píleo umbilicato con pelos, láminas distantes blancas. Impermeable al KOH.",Píleo rosado con margen blanco y pie blanco.,0.3-1.1,0.1-0.4,191.354141,-69.388185,-12.159088,457767.1797,8655824.491,21.03.25,ARBIO Transecto 4,Las Piedras,Tambopata,Madre de Dios,"Sebastian Enriquez, Andres Farroñay, Will Yaeger",,,,,
-,T4-001,¿?,sp.,NO,NO,-,-,"Semilla de Shapaja, Attalea sp.","Shapaja (semilla), Attalea sp.",Nativa.,Solitario.,1,Ninguno.,NO,N/A,Poros.,NO,NO,Seco.,"Himenio morado con poros, píleo crema y zonato.",-,6.0,4.5,229.755371,-69.387851,-12.159134,457803.5252,8655819.456,21.03.25,ARBIO Transecto 4,Las Piedras,Tambopata,Madre de Dios,"Sebastian Enriquez, Andres Farroñay, Will Yaeger",,,,,
-,T4-002,Trogia,cantharelloides.,NO,NO,-,-,Madera muerta (rama delgada).,-,Nativa.,Gregario.,5,Dulce.,NO,N/A,Laminillas.,NO,NO,Seco.,Forma embudo.,"Himenio morado, píleo marrón oscuro.",3.5-4.5,2.5-5.0,229.899765,-69.387994,-12.159128,457787.9662,8655820.097,21.03.25,ARBIO Transecto 4,Las Piedras,Tambopata,Madre de Dios,"Sebastian Enriquez, Andres Farroñay, Will Yaeger",,,,,
-,T4-003,Marasmius,sp.?,NO,NO,-,-,Madera muerta.,-,Nativa.,Gregario.,3,Ninguno,NO,N/A,Laminillas.,NO,NO,Húmedo.,-,Himenio marrón con láminas marrónes y pie crema.,3.0,3.0,232.113373,-69.387994,-12.159146,457787.9691,8655818.107,21.03.25,ARBIO Transecto 4,Las Piedras,Tambopata,Madre de Dios,"Sebastian Enriquez, Andres Farroñay, Will Yaeger",,,,,
-,T4-004,Xylaria,sp.,NO,NO,-,-,Madera muerta.,-,Nativa.,Gregario.,12,Fúngico suave.,NO,N/A,perithecium.,NO,NO,Seco.,-,Negro.,2.5,0.5,232.778824,-69.387969,-12.159146,457790.689,8655818.111,21.03.25,ARBIO Transecto 4,Las Piedras,Tambopata,Madre de Dios,"Sebastian Enriquez, Andres Farroñay, Will Yaeger",,,,,
-,T4-005,Xylaria,sp.,NO,NO,-,-,Madera muerta (tronco).,-,Nativa.,"Gregario, cespitoso.",30,Ninguno.,NO,N/A,Stroma con perithecia.,NO,NO,Seco.,Protuberancias en el estroma. Seco.,-,-,2.0-3.0,232.323639,-69.388059,-12.159094,457780.8891,8655823.847,21.03.25,ARBIO Transecto 4,Las Piedras,Tambopata,Madre de Dios,"Sebastian Enriquez, Andres Farroñay, Will Yaeger",,,,,
FRFA-117,T4-006,Gymnopus?,sp.,SI,SI,58,57,Hojarasca.,-,Nativa.,Gregario.,4,Ninguno.,NO,N/A,Laminillas.,NO,NO,Seco.,Píleo estriado con láminas que se oxidan marrón. Estípite apretado y seco. ,-,3.5-5.0,1.0-1.7,231.592911,-69.387985,-12.159108,457788.9423,8655822.31,21.03.25,ARBIO Transecto 4,Las Piedras,Tambopata,Madre de Dios,"Sebastian Enriquez, Andres Farroñay, Will Yaeger",,,,,
-,T4-007,Marasmius,sp.,NO,NO,-,-,Hojarasca (hojas).,-,Nativa.,Gregario.,2,Ninguno.,NO,N/A,Laminillas.,NO,NO,Seco.,-,"Píleo de color marrón claro, pie de color marrón oscuro y blanco hacia la base. Láminas blancas.",7.0-8.0,3.0-4.0,231.516312,-69.387991,-12.159088,457788.2863,8655824.521,21.03.25,ARBIO Transecto 4,Las Piedras,Tambopata,Madre de Dios,"Sebastian Enriquez, Andres Farroñay, Will Yaeger",,,,,
-,T4-008,Entoloma,sp.,NO,NO,-,-,Suelo/hojarasca.,-,Nativa.,Solitario.,2,Fúngico suave.,NO,N/A,Laminillas.,NO,NO,Húmedo.,"Píleo estriado con mamelon, pie fibrilloso y láminas apretadas.",Píleo café con láminas rosadas y pie blanco.,9.0,4.5,231.027054,-69.387997,-12.159081,457787.6324,8655825.294,21.03.25,ARBIO Transecto 4,Las Piedras,Tambopata,Madre de Dios,"Sebastian Enriquez, Andres Farroñay, Will Yaeger",,,,,
-,T4-010,Marasmius,sp.,NO,NO,-,-,Madera muerta.,-,Nativa.,Gregario.,2,Fúngico suave.,NO,N/A,Laminillas.,NO,NO,Seco.,-,"Pileo marrón claro con láminas blancas, pie marrón claro y cerca al píleo blanco.",5.5-6.5,2.5-3.0,230.272858,-69.388011,-12.15911,457786.1139,8655822.085,21.03.25,ARBIO Transecto 4,Las Piedras,Tambopata,Madre de Dios,"Sebastian Enriquez, Andres Farroñay, Will Yaeger",,,,,
-,T4-011,Agaricus,sp.,NO,NO,-,-,Hoja.,-,Nativa.,Solitario.,1,Almendras.,NO,Negra.,Laminillas.,SI,NO,Seco.,Esporas negras. Con velo en las láminas.,"Píleo morado, láminas gruesas y estípite blanco.",7,3,231.703522,-69.387878,-12.15913,457800.587,8655819.894,21.03.25,ARBIO Transecto 4,Las Piedras,Tambopata,Madre de Dios,"Sebastian Enriquez, Andres Farroñay, Will Yaeger",,,,,
FRFA-118,T4-012,Leucocoprinus,fragilissimus?,SI,SI,59,NO,Hojarasca.,-,Nativa.,Solitario.,1,Fúngico suave.,NO,N/A,Laminillas.,SI,NO,Seco.,Anillo hacia arriba. Píleo estriado de color amarillo con escamas amarillas pequeñas que se despintan y de color blanco hacia el margen. Con un pezón frágil.,"Píleo amarillo, láminas blancas y estípite amarillo.",7.5,4.0,231.20755,-69.387948,-12.159162,457792.9763,8655816.344,21.03.25,ARBIO Transecto 4,Las Piedras,Tambopata,Madre de Dios,"Sebastian Enriquez, Andres Farroñay, Will Yaeger",,,,,
FRFA-119,T4-024,Phylloporia,sp.,SI,SI,60,NO,Suelo.,-,Nativa.,"Gregario, cespitoso.",3,Fúngico suave.,SI,Blanca.,Poros.,NO,NO,Seco.,"Píleo brillante más claro hacia el margen, zonato.",Píleo marrón rojizo e himenio marrón con margen amarillo.,9.0-11.0,2.0-4.0,230.59874,-69.387811,-12.159099,457807.8715,8655823.332,21.03.25,ARBIO Transecto 4,Las Piedras,Tambopata,Madre de Dios,"Sebastian Enriquez, Andres Farroñay, Will Yaeger",,,,,
FRFA-120,T4-009,Gerronema,sp.,SI,SI,61,60,"Hoja de Shapaja, Attalea sp.","Shapaja, Attalea sp.",Nativa.,Gregario.,10,Alcachofa.,SI,Blancas,Laminillas.,NO,NO,Seco.,-,Píleo amarillo con láminas amarillas y pie marrón oscuro.,6,4,228.417953,-69.387989,-12.159084,457788.5033,8655824.963,21.03.25,ARBIO Transecto 4,Las Piedras,Tambopata,Madre de Dios,"Sebastian Enriquez, Andres Farroñay, Will Yaeger",,,,,
-,T4-013,Pluteus,sp.,NO,NO,-,-,Madera muerta.,-,Nativa.,Solitario.,1,Fúngico suave.,NO,N/A,Laminillas.,NO,NO,Seco.,"Umbo oscuro, píleo con pelos finos grises y estriados. Base hinchada y con micelio rizomorfo.",Píleo gris con láminas blancas y pie blanco.,3.0,1.8,232.512344,-69.387892,-12.15912,457799.0623,8655820.998,21.03.25,ARBIO Transecto 4,Las Piedras,Tambopata,Madre de Dios,"Sebastian Enriquez, Andres Farroñay, Will Yaeger",,,,,
-,T4-014,Lycoperdon,sp.,NO,NO,-,-,"Hoja y semilla de pona, Iryanthera sp.","Pona, Iryanthera sp.",Nativa.,Gregario.,15,"Distintivo, fúngico",NO,Marrón.,Masa de esporas.,NO,NO,Seco.,Ya muy maduras para cosechar.,Marrón.,1.0,1.2,232.007294,-69.387874,-12.159125,457801.0214,8655820.447,21.03.25,ARBIO Transecto 4,Las Piedras,Tambopata,Madre de Dios,"Sebastian Enriquez, Andres Farroñay, Will Yaeger",,,,,
-,T4-015,Cyptotrama,sp.,NO,NO,-,-,"Madera muerta (semilla de Ubos, Spondia mombin).",Ubos/Spondia mombin.,Nativa.,Solitario.,1,Ninguno.,NO,N/A,Laminillas.,NO,NO,Húmedo.,Píleo y pie cubierto en escamas harinosas.,Píleo amarillo con láminas blancas y pie crema.,1.4,0.6,231.641144,-69.387835,-12.159141,457805.267,8655818.684,21.03.25,ARBIO Transecto 4,Las Piedras,Tambopata,Madre de Dios,"Sebastian Enriquez, Andres Farroñay, Will Yaeger",,,,,
-,T4-016,Xylaria,sp.,NO,NO,-,-,Madera muerta.,-,Nativa.,Gregario.,25,Ninguno.,NO,Blanca.,Stroma con perithecia.,NO,NO,Seco.,-,Negro con esporas blancas.,2.3,0.6,230.722656,-69.387851,-12.159073,457803.5156,8655826.201,21.03.25,ARBIO Transecto 4,Las Piedras,Tambopata,Madre de Dios,"Sebastian Enriquez, Andres Farroñay, Will Yaeger",,,,,
-,T4-017,Geastrum,sp.,NO,NO,-,-,Hojarasca.,-,Nativa.,Gregario.,3,Ninguno.,NO,N/A,Masa de esporas.,NO,NO,Seco.,7 puntas u hojas rosadas.,"Saco gris, por atras marrón claro. Hojas rosadas.",2,4.0-5.0,230.521484,-69.387878,-12.159047,457800.5739,8655829.072,21.03.25,ARBIO Transecto 4,Las Piedras,Tambopata,Madre de Dios,"Sebastian Enriquez, Andres Farroñay, Will Yaeger",,,,,
FRFA-122,T4-018,Ascomycota,sp.,SI,SI,62,NO,Madera muerta (rama pequeña).,-,Nativa.,Gregario.,4,Ninguno.,NO,N/A,Apothecio.,NO,NO,Seco.,Textura arrugada hacia abajo. Himenio en forma de copa.,Himenio morado claro y pie blanco.,0.3-2.0,0.3-0.7,231.101868,-69.387862,-12.159089,457802.3213,8655824.43,21.03.25,ARBIO Transecto 4,Las Piedras,Tambopata,Madre de Dios,"Sebastian Enriquez, Andres Farroñay, Will Yaeger",,,,,
-,T4-019,Comprinellus,disseminatus,NO,NO,-,-,Madera muerta.,-,Nativa.,Gregario.,30,Fúngico suave.,NO,N/A,Laminillas.,NO,NO,Seco.,Píleo estriado con láminas distantes y bien cerrado (campanulado). Micelio blanco en la base del pie. ,Todo blanco.,2,0.9,230.078552,-69.387859,-12.159056,457802.6425,8655828.08,21.03.25,ARBIO Transecto 4,Las Piedras,Tambopata,Madre de Dios,"Sebastian Enriquez, Andres Farroñay, Will Yaeger",,,,,
FRFA-123,T4-020,Favolus,brasiliensis.,SI,SI,63,62,Madera muerta (liana).,Liana.,Nativa.,Gregario.,50,Fúngico suave.,SI,Blanca.,Poros.,NO,NO,Seco.,Píleo deprimido. Poros alargados y asimétricos. Cuerpo saliendo de un costado de la rama.,Píleo blanco con poros blancos.,0.4-4.0,0.4-4.5,230.910217,-69.387817,-12.158994,457807.2022,8655834.943,21.03.25,ARBIO Transecto 4,Las Piedras,Tambopata,Madre de Dios,"Sebastian Enriquez, Andres Farroñay, Will Yaeger",,,,,
-,T4-021,Trogia ,cantharelloides,NO,NO,-,-,Madera muerta.,-,Nativa.,Gregario.,10,"Dulce, fúngico.",NO,N/A,Laminillas.,NO,NO,Seco.,-,Píleo marrón con márgen blanco con láminas moradas y pie morado.,3.0-4.0,1.5-2.5,229.748535,-69.387835,-12.159041,457805.2513,8655829.742,21.03.25,ARBIO Transecto 4,Las Piedras,Tambopata,Madre de Dios,"Sebastian Enriquez, Andres Farroñay, Will Yaeger",,,,,
-,T4-022,Cookeina,speciosa,NO,NO,-,-,Madera muerta.,-,Nativa.,Gregario.,18,Ninguno.,NO,N/A,Apothecio.,NO,NO,Seco.,-,"Himenio rosado, pie crema.",-,-,230.738983,-69.387799,-12.159064,457809.1716,8655827.205,21.03.25,ARBIO Transecto 4,Las Piedras,Tambopata,Madre de Dios,"Sebastian Enriquez, Andres Farroñay, Will Yaeger",,,,,
-,T4-023,Lycoperdon,sp.,NO,NO,-,-,Hojarasca.,-,Nativa.,Solitario.,1,"Dulce, frutal.",NO,N/A,Masa de esporas.,NO,NO,Seco.,Escamoso con mucho micelio blanco en la hojarasca alrededor. Con umbo. Radios concéntricos en el corte transversal. Peridio grueso. Interior blanco.,Marrón.,-,1.3,229.731918,-69.387829,-12.159108,457805.9146,8655822.334,21.03.25,ARBIO Transecto 4,Las Piedras,Tambopata,Madre de Dios,"Sebastian Enriquez, Andres Farroñay, Will Yaeger",,,,,
FRFA-124,T4-025,Marasmius,sp.,SI,SI,64,63,"Hojas y corteza de Anacaspi, Apuleia leiocarpa.","Anacaspi, Apuleia leiocarpa.",Nativa.,Gregario.,15,Fúngico suave.,NO,N/A,Laminillas.,NO,NO,Seco.,Tiene bastantes rhizomórfos marrón claros saliendo de la rama. Sombrero arrugado no muy redondo con depresión pequeña oscura en el centro. Escamas blancas por todo el pie.,"Píleo crema, pie marrón oscuro en la base y crema hacia el sombrero.",1.0-1.5,0.8-1.0,229.693329,-69.387728,-12.159076,457816.8981,8655825.889,21.03.25,ARBIO Transecto 4,Las Piedras,Tambopata,Madre de Dios,"Sebastian Enriquez, Andres Farroñay, Will Yaeger",,,,,
-,T4-026,Trogia,cantharelloides,NO,NO,-,-,Madera muerta,-,Nativa.,Gregario.,9,Dulce.,NO,N/A,Laminillas.,NO,NO,Seco.,-,"Sombrero café, laminas moradas.",-,-,230.291885,-69.38773,-12.159106,457816.6852,8655822.571,21.03.25,ARBIO Transecto 4,Las Piedras,Tambopata,Madre de Dios,"Sebastian Enriquez, Andres Farroñay, Will Yaeger",,,,,
FRFA-125,T4-027,Scutellinia,sp.,SI,SI,65,64,Madera muerta (ramita).,-,Nativa.,Gregario.,2,Fúngico suave.,NO,N/A,Apothecio.,NO,NO,Seco.,Pelos marrón oscuros en el margen.,"Himenio naranja, parte de abajo naranja.",0.1,0.5,231.001572,-69.387768,-12.159103,457812.5504,8655822.897,21.03.25,ARBIO Transecto 4,Las Piedras,Tambopata,Madre de Dios,"Sebastian Enriquez, Andres Farroñay, Will Yaeger",,,,,
FRFA-126,T4-028,Cyathus,sp.,SI,SI,66,65,Madera muerta.,-,Nativa.,Gregario.,40,N/A,NO,N/A,Nido.,NO,NO,Seco.,05 huevos visibles en cada nido. Huevos planos y brillantes. Velo con pelos marrones y margen blanco. Copa estriada con muchos pelos marrones por fuera.,-,0.8,0.5-0.8,231.428497,-69.387756,-12.159121,457813.8589,8655820.908,21.03.25,ARBIO Transecto 4,Las Piedras,Tambopata,Madre de Dios,"Sebastian Enriquez, Andres Farroñay, Will Yaeger",,,,,
FRFA-127,T4-029,Pluteus,sp.,SI,SI,67,NO,Madera muerta.,-,Nativa.,Gregario.,2,Fúngico suave.,NO,N/A,Laminillas.,NO,NO,Seco.,"Escamas marrones en el píleo. Láminas apretados. Pie estriado, oscuro (marrón) hacia la base y brillante con estrías grises. Sombrero estriado. Micelio blanco en la base.",Píleo marrón oscuro con láminas blancas y pie blanco.,4.0-4.5,1.5-2.0,230.485138,-69.387691,-12.159139,457820.9335,8655818.928,21.03.25,ARBIO Transecto 4,Las Piedras,Tambopata,Madre de Dios,"Sebastian Enriquez, Andres Farroñay, Will Yaeger",,,,,
FRFA-128,T4-030,Agaricales,,SI,SI,68,67,Suelo.,-,Nativa.,Solitario.,1,Fúngico suave.,SI,Blanca.,Laminillas.,NO,NO,Seco.,"Píleo con forma de embudo/infundibuliforme. Pie firme, elástico, ondulado.",Píleo naranna con láminas blancas y pie crema.,8.0,2.5,253.49556,-69.387672,-12.159153,457823.0029,8655817.383,21.03.25,ARBIO Transecto 4,Las Piedras,Tambopata,Madre de Dios,"Sebastian Enriquez, Andres Farroñay, Will Yaeger",,,,,
FRFA-129,T4-031,Basidiomycota,,SI,SI,69,68,Suelo.,-,Nativa.,Gregario.,3,Fúngico suave.,NO,Blanca/Crema.,Coral.,NO,NO,Seco.,Una punta por rama. Elástico. Micelio rhizomórfico blanco en la base. Esporulando blanco/crema.,-,4.0-9.0,0.1,217.49501,-69.387622,-12.159125,457828.4383,8655820.487,21.03.25,ARBIO Transecto 4,Las Piedras,Tambopata,Madre de Dios,"Sebastian Enriquez, Andres Farroñay, Will Yaeger",,,,,
FRFA-130,T4-032,Lepiota,sp.,SI,SI,70,69,Hojarasca.,-,Nativa.,Solitario.,1,Ninguno.,NO,"Hecho agua, se perdió.",Laminillas.,SI,NO,Seco.,Laminas libres apretadas. Sombrero escamoso. Con anillo. Con KOH oscureció un poco.,Píleo crema y morado con láminas marrones claras y pie blanco.,6.5,4.2,219.169571,-69.387644,-12.159157,457826.0498,8655816.945,21.03.25,ARBIO Transecto 4,Las Piedras,Tambopata,Madre de Dios,"Sebastian Enriquez, Andres Farroñay, Will Yaeger",,,,,
FRFA-131,T4-033,Ophiocordyceps,australis,SI,SI,71,NO,Hormiga isula dentro de un tronco.,Hormiga Isula.,Nativa.,Solitario.,1,Ninguno.,NO,Blanca.,Stroma con perithecia.,NO,NO,Seco.,Se perdió la hormiga.,Pie negro y estroma rojo.,-,-,221.424606,-69.387547,-12.159185,457836.6075,8655813.863,21.03.25,ARBIO Transecto 4,Las Piedras,Tambopata,Madre de Dios,"Sebastian Enriquez, Andres Farroñay, Will Yaeger",,,,,
FRFA-132,T4-034,Ophiocordyceps,sp.,SI,NO,-,-,Hormiga pequeña en hoja de helecho.,"Hormiga, helecho.",Nativa.,Solitario.,1,Ninguno.,NO,N/A,Stroma con perithecia.,NO,NO,Seco.,Saliendo del thorax de la hormiga. Hormiga mordiendo la hoja y casí 100% colonizada con micelio amarillo claro excepto la cabeza.,Mitad apical (punta) de la estroma roja y la otra mitad basal negra.,"Hormiga: 0.2, Estroma: 1.0",-,221.812744,-69.387487,-12.159224,457843.1415,8655809.56,21.03.25,ARBIO Transecto 4,Las Piedras,Tambopata,Madre de Dios,"Sebastian Enriquez, Andres Farroñay, Will Yaeger",,,,,
FRFA-133,T4-036,Agaricales,,SI,SI,72,71,Madera muerta (tronco).,-,Nativa.,"Gregario, cespitoso.",2,Fúngico suave.,SI,Blanca.,Laminillas.,NO,NO,Seco.,Píleo café e hygrófano arrugado con láminas blancas y pie blanco estriado.,-,3.5-4.0,1.4-2.0,221.248306,-69.387569,-12.159202,457834.2167,8655811.98,21.03.25,ARBIO Transecto 4,Las Piedras,Tambopata,Madre de Dios,"Sebastian Enriquez, Andres Farroñay, Will Yaeger",,,,,
FRFA-134,T4-035,Ophiocordyceps,sp.,SI,SI,73,72,Oruga dentro de un tronco descompuesto.,Oruga.,Nativa.,Solitario.,1,Ninguno.,SI,Blanca.,Stroma con perithecia.,NO,NO,Seco.,Estroma amarillo oscura con peritecios color café. Hospedero cubierto en micelio blanco saliendo de un tronco.,-,"4.0 (estroma), 1.2 (oruga)",-,221.403915,-69.387573,-12.159174,457833.7771,8655815.076,21.03.25,ARBIO Transecto 4,Las Piedras,Tambopata,Madre de Dios,"Sebastian Enriquez, Andres Farroñay, Will Yaeger",,,,,
FRFA-135,T4-037,Mycena,sp.,SI,SI,74,73,Madera muerta (tronco).,-,Nativa.,Gregario.,5,Ninguno.,SI,Blanca.,Laminillas.,NO,NO,Seco.,Píleo con pelos blancos.M icelio blanco rhizomórfico en la base. Pie con escamas blancas.,"Píleo morado con láminas blancas, pie blanco y morado hacia el sombrero.",1.5-3.0,0.2-0.8,221.951721,-69.387574,-12.159185,457833.67,8655813.859,21.03.25,ARBIO Transecto 4,Las Piedras,Tambopata,Madre de Dios,"Sebastian Enriquez, Andres Farroñay, Will Yaeger",,,,,
FRFA-136,T4-038,Marasmius,sp.,SI,SI,75,NO,Madera muerta (tronco).,-,Nativa.,Gregario.,3,"A ajo, ahumado.",NO,N/A,Laminillas.,NO,NO,Seco.,"Píleo melón, quebradizo, con áreas más claras y láminas blancas. Píleo estriado, arrugado, umbonado, forma sombrero fedora. Pie café hacia la base y hacia el sombrero blanco.",-,6.0,3.0-4.5,222.081589,-69.387557,-12.159154,457835.5147,8655817.29,21.03.25,ARBIO Transecto 4,Las Piedras,Tambopata,Madre de Dios,"Sebastian Enriquez, Andres Farroñay, Will Yaeger",,,,,
FRFA-137,T4-039,Leucoagaricus,sp.,SI,SI,76,75,Hojarasca.,-,Nativa.,Gregario.,2,Ninguno.,NO,Blanca.,Laminillas.,SI,NO,Seco.,Píleo blanco con escamas marrónes pequeñas con láminas blancas y anillo mirando hacia arriba. Umbo marrón oscuro.,Blanco.,5.0,1.5-2.5,221.585892,-69.387518,-12.159156,457839.7581,8655817.075,21.03.25,ARBIO Transecto 4,Las Piedras,Tambopata,Madre de Dios,"Sebastian Enriquez, Andres Farroñay, Will Yaeger",,,,,
FRFA-121,T4-040,Nigelia,martiale,SI,SI,77,76,Animal (supuestamente).,-,Nativa.,Solitario.,1,Ninguno.,NO,N/A,Stroma con perithecia.,NO,NO,Seco.,"Caído al lado de un tronco. No se encontró el hospedero, que supuestamente sería una larva de coleóptero. ","Naranja, ápice blanco.",-,-,222.081589,-69.387557,-12.159154,457835.5147,8655817.29,21.03.25,ARBIO Transecto 4,Las Piedras,Tambopata,Madre de Dios,"Sebastian Enriquez, Andres Farroñay, Will Yaeger",,,,,
FRFA-138,T9-CO-1,Picipes,sp.,SI,SI,78,NO,Madera muerta.,-,Nativa.,Solitario.,1,Fúngico suave.,NO,N/A,Poros.,NO,NO,Húmedo.,Camino al T9.,Píleo marrón claro y estípite negro.,4.0,2.5,196.6018,-69.39989143,-12.15433494,456492.7807,8656348.248,22.03.25,ARBIO Transecto 9,Las Piedras,Tambopata,Madre de Dios,"Andres Farroñay, Will Yaeger",,,,,
FRFA-139,T9-CO-2,Cotylidia?,sp.,SI,SI,79,78,Madera muerta.,-,Nativa.,Gregario.,3,Ninguno.,NO,N/A,Poros?,NO,NO,Húmedo.,-,Píleo marrón claro y pie crema.,1.0,0.7,196.6018,-69.39999333,-12.153695,456481.5894,8656418.997,22.03.25,ARBIO Transecto 9,Las Piedras,Tambopata,Madre de Dios,"Andres Farroñay, Will Yaeger",,,,,
FRFA-140,T9-CO-3,Ophiocordyceps,australis.,SI,NO,-,-,Animal (hormiga Isula).,Isula.,Nativa.,Solitario.,1,Ninguno.,NO,N/A,Stroma con perithecia.,NO,NO,Seco.,"Parasitando Isula dentro de un hueco en un tronco caído de palmera Huicungo. Seli dice que no es Isula si no ""Isulilla,"" otra especie.",Mitad apical (punta) de la estroma roja y la otra mitád basal negra.,"Hormiga: 0.2, Estroma: 1.0",,196.6018,-69.397204,-12.146738,456783.9447,8657188.758,22.03.25,ARBIO Transecto 9,Las Piedras,Tambopata,Madre de Dios,"Andres Farroñay, Will Yaeger",,,,,
FRFA-141,T9-CO-4,Ganoderma,sp.,SI,SI,80,NO,Tierra.,-,Nativa.,Gregario.,2,Fúngico suave.,NO,N/A,Poros.,NO,NO,Seco.,"Laccato, zonato, con píleo muy grueso. Leñoso de textura. Poros marrones. Saliendo del barro al lado de una raíz de árbol.",-,11.0,"4.0-5.0, grueso de pileo 2.0",196.6018,-69.400555,-12.15462167,456420.6312,8656316.435,22.03.25,ARBIO Transecto 9,Las Piedras,Tambopata,Madre de Dios,"Andres Farroñay, Will Yaeger",,,,,
FRFA-142,T9-001,Lentinus,,SI,SI,81,NO,"Madera muerta (hoja de Shapaja, Attalea sp.).","Shapaja, Attalea sp.",Nativa.,Gregario.,8,Fúngico suave.,SI,Blanco.,Laminillas.,NO,NO,Húmedo.,Píleo color crema estriado con láminas cremas decurrentes con margen ondulado más oscuras hacia la base. Base con micelio blanco.,-,1.0-1.5,0.4,249.1678,-69.395886,-12.144547,456926.9939,8657431.251,22.03.25,ARBIO Transecto 9,Las Piedras,Tambopata,Madre de Dios,"Andres Farroñay, Will Yaeger",,,,,
FRFA-143,T9-002,Xylaria,sp.,SI,SI,82,NO,"Semilla de Shapaja, Attalea sp.","Shapaja, Attalea sp.",Nativa.,Gregario.,2,Ninguno.,NO,N/A,Stroma con perithecia.,NO,NO,Seco.,02 Estromas ondulados. ,Color negro con superficie rugosa y más delgado y gris hacia el ápice.,6.0,0.2,249.222,-69.395877,-12.144491,456927.9641,8657437.445,22.03.25,ARBIO Transecto 9,Las Piedras,Tambopata,Madre de Dios,"Andres Farroñay, Will Yaeger",,,,,
FRFA-144,T9-003,Marasmius,sp.,SI,SI,83,NO,Madera muerta (rama pequeña).,-,Nativa.,Gregario.,2,Ninguno.,NO,N/A,Laminillas.,NO,NO,Seco.,"Píleo marrón rosado estriado, umbilicato, más claro en el centro con láminas blancas. Estípite blanco en la base volviéndose marrón rosado hacia el sombrero.",-,1.0-2.7,0.3-0.5,249.6598,-69.395828,-12.144475,456933.2929,8657439.222,22.03.25,ARBIO Transecto 9,Las Piedras,Tambopata,Madre de Dios,"Andres Farroñay, Will Yaeger",,,,,
FRFA-145,T9-004,Ramaria?,sp.,SI,SI,84,83,Hojarasca (hoja de palmera).,Palmera.,Nativa.,"Gregario, cespitoso.",3,Pescado.,SI,Blanca.,Coral.,NO,NO,Seco.,"Cuerpo marrón claro con ramas delgadas, un poco onduladas. Más finas y onduladas hacia las puntas.",Crema/rosado.,6.0,0.1-0.2,247.0978,-69.395872,-12.144456,456928.5025,8657441.316,22.03.25,ARBIO Transecto 9,Las Piedras,Tambopata,Madre de Dios,"Andres Farroñay, Will Yaeger",,,,,
-,T9-005,Stereopsis,hiscens?,NO,NO,-,-,Hojarasca.,-,Nativa.,Solitario.,1,Ninguno.,NO,N/A,Poros.,NO,NO,Seco.,Oxidación marrón en los poros.,"Píleo blanco, himenio con poros marrones/crema y de color blanco hacia el margen. Estípite blanco.",3,0.6,248.4466,-69.395887,-12.144438,456926.8675,8657443.304,22.03.25,ARBIO Transecto 9,Las Piedras,Tambopata,Madre de Dios,"Andres Farroñay, Will Yaeger",,,,,
-,T9-006,Cookeina,speciosa,NO,NO,-,-,Madera muerta.,-,Nativa.,Gregario.,110,Ninguno.,NO,N/A,Apotecio.,NO,NO,Seco.,Copas circulares rosadas con pelos blancos en el margen. Estípite blanco.,-,3.0-4.0,0.2-2.0,246.6999,-69.395903,-12.144489,456925.1349,8657437.662,22.03.25,ARBIO Transecto 9,Las Piedras,Tambopata,Madre de Dios,"Andres Farroñay, Will Yaeger",,,,,
FRFA-146,T9-007,Marasmius?,sp.,SI,SI,85,84,"Madera muerta (rocopa de Shapaja, Attalea sp.). ","Shapaja, Attalea sp.",Nativa.,Gregario.,28,Ninguno.,SI,Blanca.,Laminillas.,NO,NO,Seco.,"Píleo estriado blanco con escamas rojizas en el centro. Láminas blancas, distantes. Pie blanco con micelio anaranjado claro en la base. ",-,-,0.3-0.7,248.4427,-69.395893,-12.144468,456926.2195,8657439.986,22.03.25,ARBIO Transecto 9,Las Piedras,Tambopata,Madre de Dios,"Andres Farroñay, Will Yaeger",,,,,
FRFA-147,T9-008,Crepidotus,sp.,SI,SI,86,85,Madera muerta (rama mediana).,-,Nativa.,Gregario.,5,"Dulce, fúngico.",NO,N/A,Laminillas.,NO,NO,Húmedo.,"Píleo marrón claro, tomentoso con láminas blancas onduladas y decurrentes. Sessile, micelio blanco en la base.",-,-,0.5-1.1,245.4209,-69.395933,-12.144463,456921.8666,8657440.533,22.03.25,ARBIO Transecto 9,Las Piedras,Tambopata,Madre de Dios,"Andres Farroñay, Will Yaeger",,,,,
-,T9-009,Marasmius,sp.,NO,NO,-,-,Hojarasca.,-,Nativa.,Gregario.,2,Ninguno.,NO,N/A,Laminillas.,NO,NO,Seco.,"Píleo naranja con láminas blancas, estípite marrón oscuro volviendose claro hacia el sombrero. Micelio blanco en la hoja.",-,-,-,244.9612,-69.395921,-12.144494,456923.1772,8657437.107,22.03.25,ARBIO Transecto 9,Las Piedras,Tambopata,Madre de Dios,"Andres Farroñay, Will Yaeger",,,,,
-,T9-010,Tetrapyrgos,nigripes.,NO,NO,-,-,Madera muerta (rama).,-,Nativa.,Gregario.,2,Ninguno.,NO,N/A,Laminillas.,NO,NO,Seco.,-,Píleo gris arrugado y estriado con láminas blancas. Estípite negro en la base y blanco hacia el sombrero.,-,-,246.9986,-69.395953,-12.144451,456919.6886,8657441.856,22.03.25,ARBIO Transecto 9,Las Piedras,Tambopata,Madre de Dios,"Andres Farroñay, Will Yaeger",,,,,
-,T9-011,Cookeina,tricholoma.,NO,NO,-,-,Madera muerta (rama).,-,Nativa.,Gregario.,16,Ninguno.,NO,N/A,Cookeina,NO,NO,Seco.,Pelos en el cuerpo.,Rosado claro. Pelos blancos y marrones.,1.8,0.5-1.2,245.2218,-69.395937,-12.144406,456921.4222,8657446.835,22.03.25,ARBIO Transecto 9,Las Piedras,Tambopata,Madre de Dios,"Andres Farroñay, Will Yaeger",,,,,
-,T9-012,Marasmius,sp.,NO,NO,-,-,"Madera muerta (rocopa de shapaja, Attalea sp.). ","Shapaja, Attalea sp.",Nativa.,Gregario.,50,Ninguno.,NO,N/A,Laminillas.,NO,NO,Seco.,-,Pie crema en la base y hacia el píleo blanco. Sombrero blanco.,0.8-1.2,0.4-0.8,243.3234,-69.395903,-12.144416,456925.1232,8657445.735,22.03.25,ARBIO Transecto 9,Las Piedras,Tambopata,Madre de Dios,"Andres Farroñay, Will Yaeger",,,,,
-,T9-013,Ophiocordyceps,australis.,NO,NO,-,-,Animal (hormiga isula).,-,Nativa.,Solitario.,1,Ninguno.,NO,N/A,Stroma con perithecia.,NO,NO,Seco.,Se rompió y se perdió la hormiga. Creciendo desde dentro de un tronco.,Estroma negro y ápice rojo.,8,0.3,244.1321,-69.395955,-12.14442,456919.466,8657445.284,22.03.25,ARBIO Transecto 9,Las Piedras,Tambopata,Madre de Dios,"Andres Farroñay, Will Yaeger",,,,,
FRFA-148,T9-014,Resupinatus,applicatus.,SI,SI,87,NO,"Hojarasca (rocopa de shapaja, Attalea sp.).","Shapaja, Attalea sp.",Nativa.,Gregario.,31,Ninguno.,NO,N/A,Laminillas.,NO,NO,Húmedo.,-,"Píleo resupinado con margen ondulado y láminas grises. Micelio blanco en la base, sessile.",0.5-0.7,0.2-1.0,245.8355,-69.395937,-12.144426,456921.4255,8657444.624,22.03.25,ARBIO Transecto 9,Las Piedras,Tambopata,Madre de Dios,"Andres Farroñay, Will Yaeger",,,,,
-,T9-015,Geastrum,sp.,NO,NO,-,-,Hojarasca.,Palmera.,Nativa.,Gregario,3,Ninguno.,NO,N/A,Masa interna de esporas.,NO,NO,Seco.,Saco con 01 agujero.,Estrella crema y saco gris.,0.7,2.5,245.2594,-69.395949,-12.144427,456920.12,8657444.511,22.03.25,ARBIO Transecto 9,Las Piedras,Tambopata,Madre de Dios,"Andres Farroñay, Will Yaeger",,,,,
FRFA-149,T9-016,Ramaria,sp.,SI,SI,88,87,"Hojarasca (rocopa de pona, Iryanthera sp.).","Pona, Iryanthera sp.",Nativa.,Gregario,3,Ninguno.,NO,N/A,Coral.,NO,NO,Húmedo.,Cuerpo crema/blanco con ramas gruesas y cada uno con varios puntos. Micelio blanco en la base. Rhizomorfos blancos gruesos y largos en el estípite creciendo por la hojarasca. Yemas/ápices se bifurcan en 02 o más ramas. Oxidación negra/morada con el tiempo.,Blanco/crema.,3.5,3.0,245.358,-69.395963,-12.144431,456918.5974,8657444.067,22.03.25,ARBIO Transecto 9,Las Piedras,Tambopata,Madre de Dios,"Andres Farroñay, Will Yaeger",,,,,
-,T9-017,Lycoperdon,sp.,NO,NO,-,-,Hojarasca.,-,Nativa.,Solitario.,1,Ninguno.,NO,N/A,Masa interna de esporas.,NO,NO,Seco.,01 Hueco y superficie ploma y arrugada.,Gris.,1.4,1.5,243.5577,-69.396,-12.144426,456914.5709,8657444.614,22.03.25,ARBIO Transecto 9,Las Piedras,Tambopata,Madre de Dios,"Andres Farroñay, Will Yaeger",,,,,
-,T9-018,Lycoperdon,sp.,NO,NO,-,-,Hojarasca.,-,Nativa.,Solitario.,1,Ninguno.,NO,N/A,Masa interna de esporas.,NO,NO,Seco.,"Posiblemente la misma especie que T9-017 solo que más joven, pero no estoy seguro.",Pelos marrones.,1.2,1.2,245.5905,-69.395982,-12.144428,456916.5296,8657444.395,22.03.25,ARBIO Transecto 9,Las Piedras,Tambopata,Madre de Dios,"Andres Farroñay, Will Yaeger",,,,,
-,T9-019,Marasmius,sp.,NO,NO,-,-,Madera muerta.,-,Nativa.,Solitario.,1,Ninguno.,NO,N/A,Laminillas.,NO,NO,Seco.,-,"Píleo esrtriado amarillo oscuro estirado, deprimido con láminas amarillas, pie marrón hacia la base y hacia el píleo amarillo.",3,1.7,245.2287,-69.396014,-12.144403,456913.0439,8657447.155,22.03.25,ARBIO Transecto 9,Las Piedras,Tambopata,Madre de Dios,"Andres Farroñay, Will Yaeger",,,,,
-,T9-020,Phylacia?,sp.,NO,NO,-,-,Madera muerta.,-,Nativa.,Gregario.,70,Ninguno.,NO,N/A,Stroma con perithecia.,NO,NO,Seco.,-,"Cabeza crema, pie negro.",0.7,0.4,246.1492,-69.396046,-12.144401,456909.5619,8657447.371,22.03.25,ARBIO Transecto 9,Las Piedras,Tambopata,Madre de Dios,"Andres Farroñay, Will Yaeger",,,,,
FRFA-150,T9-021,Xylaria,sp.,SI,SI,89,NO,Madera muerta.,-,Nativa.,Gregario.,7,Ninguno.,NO,N/A,Stroma con perithecia.,NO,NO,Seco.,"Estroma gris en la cabeza, con estrías negras irregulares, estípite negro ondulado, interior blanco y amarillo oscuro en el centro.",-,13.0,0.8,244.8163,-69.396,-12.144378,456914.5631,8657449.922,22.03.25,ARBIO Transecto 9,Las Piedras,Tambopata,Madre de Dios,"Andres Farroñay, Will Yaeger",,,,,
FRFA-151,T9-022,Pleurotus,djamor.,SI,SI,90,NO,Madera muerta (palo en pie).,-,Nativa.,Gregario.,5,"Fúngico, dulce.",SI,Blanco,Laminillas.,NO,NO,Húmedo.,Píleo muy ondulado con láminas decurrentes. Micelio blanco en la base y tomentoso por la parte central del píleo.,Rosado claro. ,13.0,7.0,245.0769,-69.396046,-12.144496,456909.5772,8657436.866,22.03.25,ARBIO Transecto 9,Las Piedras,Tambopata,Madre de Dios,"Andres Farroñay, Will Yaeger",,,,,
FRFA-152,T9-023,Volvariella,bombycina?,SI,SI,91,90,Madera muerta (palo en pie).,-,Nativa.,Gregario.,2,A pescado.,NO,N/A,Laminillas.,NO,SI,Húmedo.,-,Píleo amarillo con pelos finos y láminas rosadas. Volva marrón con manchas/escamas oscuras.,4.0,4.0,245.0002,-69.396066,-12.144489,456907.4,8657437.637,22.03.25,ARBIO Transecto 9,Las Piedras,Tambopata,Madre de Dios,"Andres Farroñay, Will Yaeger",,,,,
-,T9-024,Stereopsis,hiscens?,NO,NO,-,-,Hojarasca.,-,Nativa.,Solitario.,1,Fúngico suave.,NO,N/A,Poros.,NO,NO,Seco.,-,Píleo crema e himenio crema/morado. Oxida morado.,5,3.5,242.5023,-69.396395,-12.144537,456871.6115,8657432.277,22.03.25,ARBIO Transecto 9,Las Piedras,Tambopata,Madre de Dios,"Andres Farroñay, Will Yaeger",,,,,
-,T9-025,Cookeina,tricholoma,NO,NO,-,-,Madera muerta.,-,Nativa.,Gregario.,24,Ninguno.,NO,N/A,Apotecio.,NO,NO,Seco.,En un radio de 7 metros.,Rosado claro. Pelos blancos y marrones.,1.8,0.5-1.2,242.378,-69.396462,-12.144512,456864.3176,8657435.03,22.03.25,ARBIO Transecto 9,Las Piedras,Tambopata,Madre de Dios,"Andres Farroñay, Will Yaeger",,,,,
-,T9-026,Agaricales,-,NO,NO,-,-,Hojarasca.,-,Nativa.,Solitario.,1,Ninguno.,NO,N/A,Laminillas.,NO,NO,Seco.,-,Marrón.,3.8,1.3,242.3613,-69.396456,-12.144543,456864.9754,8657431.603,22.03.25,ARBIO Transecto 9,Las Piedras,Tambopata,Madre de Dios,"Andres Farroñay, Will Yaeger",,,,,
-,T9-027,Ascomycota,-,NO,NO,-,-,Madera muerta.,-,Nativa.,Gregario.,15,Fúngico suave.,NO,N/A,Apotecio.,NO,NO,Húmedo.,-,Lila claro.,-,-,241.3047,-69.396493,-12.144545,456860.95,8657431.376,22.03.25,ARBIO Transecto 9,Las Piedras,Tambopata,Madre de Dios,"Andres Farroñay, Will Yaeger",,,,,
FRFA-153,T9-028,Agaricus,sp.,SI,SI,92,NO,Madera muerta (palmera seca).,Palmera seca.,Nativa.,Gregario.,4,Fúngico suave.,SI,Marrón.,Laminillas.,SI,NO,Seco.,"Pie con escamas, sombrero con escamas marrones, láminas marrones oscuras/negras. Reacciona amarillo con KOH.",Marrón claro.,14,4.2,241.3164,-69.396513,-12.144618,456858.7857,8657423.301,22.03.25,ARBIO Transecto 9,Las Piedras,Tambopata,Madre de Dios,"Andres Farroñay, Will Yaeger",,,,,
-,T9-029,Ganoderma,australe,NO,NO,-,-,Madera muerta.,-,Nativa.,Gregario.,4,Fúngico suave.,NO,N/A,Poros.,NO,NO,Seco.,Color marrón oscuro. Medio pasados; himenio muy oscuro y comido por insectos.,-,5.5,6.5,239.7825,-69.396566,-12.144588,456853.0143,8657426.61,22.03.25,ARBIO Transecto 9,Las Piedras,Tambopata,Madre de Dios,"Andres Farroñay, Will Yaeger",,,,,
-,T9-030,Xylaria,sp.,NO,NO,-,-,Madera muerta.,-,Nativa.,Gregario.,10,Ninguno.,NO,Blanca.,Stroma con perithecia.,NO,NO,Seco.,,Negro.,5.5,1.0,242.45,-69.396606,-12.144589,456848.6624,8657426.493,22.03.25,ARBIO Transecto 9,Las Piedras,Tambopata,Madre de Dios,"Andres Farroñay, Will Yaeger",,,,,
-,T9-031,Xylaria,flabelliformis,NO,NO,-,-,Madera muerta (rama pequeña).,-,Nativa.,Solitario.,1,Ninguno.,NO,Blanca.,Stroma con perithecia.,NO,NO,Seco.,Muchas esporas blancas.,Blanca.,0.4,0.5,237.4304,-69.396622,-12.14457,456846.9185,8657428.591,22.03.25,ARBIO Transecto 9,Las Piedras,Tambopata,Madre de Dios,"Andres Farroñay, Will Yaeger",,,,,
FRFA-154,T9-032,Marasmius,sp.,SI,SI,93,92,Madera muerta (rama).,-,Nativa.,Gregario.,2,Ninguno.,NO,N/A,Laminillas.,NO,NO,Seco.,-,Píleo naranja con láminas blancas. Pie naranja en la base y blanco hacia el píleo.,3.0,1.5,234.8648,-69.396682,-12.144571,456840.3904,8657428.471,22.03.25,ARBIO Transecto 9,Las Piedras,Tambopata,Madre de Dios,"Andres Farroñay, Will Yaeger",,,,,
FRFA-155,-,Pleurotus,concavus,SI,SI,94,93,Madera muerta.,-,Nativa.,"Gregario, cespitoso.",2,"Fúngico fuerte, pescado.",SI,Blanca.,Laminillas.,NO,NO,Húmedo.,Estípite blanco arrugado con margen amarillo al madurar y láminas decurrentes cremas. Pie estriado. Forma embudo. KOH amarillo.,-,13.0,4.0-11.0,¿?,"-6,938,262","-121,791","458375,43","8653611,95",23.03.25,Casa de Rubén,Las Piedras,Tambopata,Madre de Dios,"Sebastian Enriquez, Will Yaeger",,,,,
FRFA-156,-,Ganoderma,sp.,SI,SI,95,94,Madera muerta.,-,Nativa.,Solitario.,1,Fúngico suave.,NO,N/A,Poros.,NO,NO,Seco.,Poros pequeños. Oxida marrón. Bien leñoso.,-,3.5,7.0,¿?,"-6,938,119","-1,217,991","458531,75","8653612,17",23.03.25,Casa de Rubén,Las Piedras,Tambopata,Madre de Dios,"Sebastian Enriquez, Will Yaeger",,,,,
FRFA-157,-,Trametes,lactinea?,SI,SI,96,95,Madera muerta.,-,Nativa.,Gregario.,1000,"Fúngico, dulce.",NO,N/A,Poros.,NO,NO,Húmedo.,"Píleo blanco y zonato y al madurar se pone más crema hasta marrón y puede vivir con un musgo verde. Contexto blanco, himenio con poros amarillentos con margen blanco y mas grandes/angulares al madurar.",Color blanco/crema.,2.0,2.0-20.0,¿?,"-6,938,119","-1,217,991","458531,75","8653612,17",23.03.25,Casa de Rubén,Las Piedras,Tambopata,Madre de Dios,"Sebastian Enriquez, Will Yaeger",,,,,
FRFA-158,-,Trametes,sanguinea,SI,SI,97,NO,Madera muerta.,-,Nativa.,Gregario.,20,Fúngico suave.,NO,N/A,Poros.,NO,NO,Seco.,Madera colonizada por micelio rojo/naranja. Muy secos. Se descolora (amarillo) con KOH.,Rojo/Naranja brillante.,0.8,1.0-9.0,¿?,"-6,938,119","-1,217,991","458531,75","8653612,17",23.03.25,Casa de Rubén,Las Piedras,Tambopata,Madre de Dios,"Sebastian Enriquez, Will Yaeger",,,,,
FRFA-159,-,Trametes,sp.,SI,SI,98,97,Madera muerta.,-,Nativa.,Gregario.,12,Ninguno.,NO,N/A,Poros.,NO,NO,Seco.,"Píleo zonato de color marrón/naranja/crema, pubescente y con margen crema con alga verde en los más viejos. Himenio crema con poros angulados e irregulares. Reacciona morado al KOH.",-,-,2.0-22.0,¿?,"-6,938,119","-1,217,991","458531,75","8653612,17",23.03.25,Casa de Rubén,Las Piedras,Tambopata,Madre de Dios,"Sebastian Enriquez, Will Yaeger",,,,,
FRFA-160,-,Earliella,scabrosa,SI,SI,99,NO,Madera muerta.,-,Nativa.,Gregario.,1000,Ninguno.,NO,N/A,Poros.,NO,NO,Seco.,Oscurece con KOH.,Píleo arrugado rojo/morado con margen blanco/amarillo que cambia al madurar. Píleo con protuberancias. Himenio blanco/crema.,-,2.0-15.00,¿?,"-6,938,119","-1,217,991","458531,75","8653612,17",23.03.25,Casa de Rubén,Las Piedras,Tambopata,Madre de Dios,"Sebastian Enriquez, Will Yaeger",,,,,
FRFA-GA (No hay ficha),,Ganoderma,australe,SI,SI,100,99,,,,,,,,,,,,,,,,,,,,,,,,,,,,,,,,
,,,,102,140 / 132,,,,,,,,,,,,,,,,,,,,,,,,,,,,,,,,,,
,,,,,,,,,,,,,,,,,,,,,,,,,,,,,,,,,,,,,,,
,,,,,,,,,,,,,,,,,,,,,,,,,,,,,,,,,,,,,,,
,,,,TOTAL MUESTRAS,TOTAL EXTRAIDO,NO EXTRAÍDO,PCRs EXITOSOS,,,,,,,,,,,,,,,,,,,,,,,,,,,,,,,,
,,,,102,100,2 (140-132),52,,,,,,,,,,,,,,,,,,,,,,,,,,,,,,,,
,,,,,,,PCRs FALLADOS,,,,,,,,,,,,,,,,,,,,,,,,,,,,,,,,
,,,,,,,48,,,,,,,,,,,,,,,,,,,,,,,,,,,,,,,,
,,,,,,,,,,,,,,,,,,,,,,,,,,,,,,,,,,,,,,,
,,,,,,,,,,,,,,,,,,,,,,,,,,,,,,,,,,,,,,,
,,,,,,,,,,,,,,,,,,,,,,,,,s,,,,,,,,,,,,,,